"Date,""Actual"",""Predicted"""
2024-01-01,3.84,3.99490928649902
2024-01-01,3.63,3.71034646034241
2024-01-01,3.63,4.0148754119873
2024-01-01,3.13,3.8724410533905
2024-01-01,3.13,3.71711540222168
2024-01-01,3.9,3.86646413803101
2024-01-01,3.94,3.59348344802856
2024-01-01,3.94,3.69163465499878
2024-01-01,3.61,3.46818685531616
2024-01-01,3.61,3.55850410461426
2024-01-01,3.9,3.53597950935364
2024-01-01,3.94,3.57753014564514
2024-01-01,3.94,3.47254204750061
2024-01-01,3.61,3.43443870544434
2024-01-01,3.61,3.49957966804504
2024-01-01,4.13,3.4574339389801
2024-01-01,4.13,3.53230547904968
2024-01-01,3.91,3.45534420013428
2024-01-01,3.91,3.34763026237488
2024-01-01,4.13,3.20116305351257
2024-01-01,4.13,3.20116305351257
2024-01-01,3.91,3.21514201164246
2024-01-01,3.91,3.52105116844177
2024-01-02,3.38,3.40754437446594
2024-01-02,3.51,3.46458148956299
2024-01-02,3.51,3.51375699043274
2024-01-02,3.53,3.47979497909546
2024-01-02,3.53,3.39353799819946
2024-01-02,3.62,3.47992610931396
2024-01-02,3.84,3.50085830688477
2024-01-02,3.84,3.5065131187439
2024-01-02,3.91,3.49066829681396
2024-01-02,3.91,3.49164748191833
2024-01-02,3.62,3.52686285972595
2024-01-02,3.84,3.41911244392395
2024-01-02,3.84,3.54337954521179
2024-01-02,3.91,3.54432463645935
2024-01-02,3.91,3.54432463645935
2024-01-02,3.7,3.48402190208435
2024-01-02,3.93,3.55244874954224
2024-01-02,3.93,3.49900770187378
2024-01-02,4.05,3.48228073120117
2024-01-02,4.05,3.46216106414795
2024-01-02,3.7,3.533038854599
2024-01-02,3.93,3.48815751075745
2024-01-02,3.93,3.50189065933228
2024-01-02,4.05,3.4893364906311
2024-01-02,4.05,3.4972288608551
2024-01-03,3.62,3.60085201263428
2024-01-03,2.3,3.62769460678101
2024-01-03,2.3,3.5242030620575
2024-01-03,2.81,3.55665922164917
2024-01-03,2.81,3.62196803092957
2024-01-03,3.82,3.55618143081665
2024-01-03,3.61,3.4560284614563
2024-01-03,3.61,3.5495936870575
2024-01-03,3.8,3.51464033126831
2024-01-03,3.8,3.47865128517151
2024-01-03,3.82,3.39901638031006
2024-01-03,3.61,3.39307880401611
2024-01-03,3.61,3.44512176513672
2024-01-03,3.8,3.49374032020569
2024-01-03,3.8,3.48497462272644
2024-01-03,3.62,3.07796144485474
2024-01-03,4.07,3.326176404953
2024-01-03,4.07,3.35250806808472
2024-01-03,4.09,3.45744347572327
2024-01-03,4.09,3.52466487884521
2024-01-03,3.62,2.73117160797119
2024-01-03,4.07,3.31463813781738
2024-01-03,4.07,3.35637426376343
2024-01-03,4.09,3.47346782684326
2024-01-03,4.09,3.62128043174744
2024-01-04,3.77,3.07386422157288
2024-01-04,3.27,2.92776679992676
2024-01-04,3.27,2.90933012962341
2024-01-04,3.59,2.6947193145752
2024-01-04,3.59,2.89143037796021
2024-01-04,3.85,3.08818054199219
2024-01-04,3.88,2.9991307258606
2024-01-04,3.88,3.03319096565247
2024-01-04,3.93,3.1251323223114
2024-01-04,3.93,3.1092894077301
2024-01-04,3.85,3.16430950164795
2024-01-04,3.88,3.03107690811157
2024-01-04,3.88,3.03576350212097
2024-01-04,3.93,3.10863351821899
2024-01-04,3.93,3.0866813659668
2024-01-04,3.36,3.24158883094788
2024-01-04,4.09,3.22007083892822
2024-01-04,4.09,3.23680925369263
2024-01-04,4.05,3.23984909057617
2024-01-04,4.05,3.09268474578857
2024-01-04,3.36,3.24105763435364
2024-01-04,4.09,3.28010129928589
2024-01-04,4.09,3.33843183517456
2024-01-04,4.05,3.40975427627563
2024-01-04,4.05,3.29266667366028
2024-01-05,3.52,2.83055710792542
2024-01-05,3.63,2.91160750389099
2024-01-05,3.63,3.04890108108521
2024-01-05,3.59,3.04595589637756
2024-01-05,3.59,3.03980708122253
2024-01-05,3.7,2.89195799827576
2024-01-05,3.96,3.26445531845093
2024-01-05,3.96,3.09106636047363
2024-01-05,4.04,3.07051372528076
2024-01-05,4.04,3.19521594047546
2024-01-05,3.7,3.08422541618347
2024-01-05,3.96,3.2313597202301
2024-01-05,3.96,3.42852473258972
2024-01-05,4.04,3.42513036727905
2024-01-05,4.04,3.45621013641357
2024-01-05,3.84,3.14282560348511
2024-01-05,4.16,3.21338725090027
2024-01-05,4.16,3.45866751670837
2024-01-05,4.2,3.57288551330566
2024-01-05,4.2,3.63238215446472
2024-01-05,3.84,3.04425597190857
2024-01-05,4.16,3.11133217811584
2024-01-05,4.16,3.49926567077637
2024-01-05,4.2,3.64981603622437
2024-01-05,4.2,3.65764570236206
2024-01-06,3.96,2.94474649429321
2024-01-06,3.93,2.88624477386475
2024-01-06,3.93,2.97239518165588
2024-01-06,3.93,2.86326193809509
2024-01-06,3.93,2.95562028884888
2024-01-06,3.85,2.98520398139954
2024-01-06,3.92,3.0530424118042
2024-01-06,3.92,3.19320917129517
2024-01-06,4.26,3.19320917129517
2024-01-06,4.26,3.15845346450806
2024-01-06,3.85,3.0296802520752
2024-01-06,3.92,3.08898401260376
2024-01-06,3.92,3.27798342704773
2024-01-06,4.26,3.3249843120575
2024-01-06,4.26,3.43413114547729
2024-01-06,3.85,3.27885866165161
2024-01-06,4.32,3.07009220123291
2024-01-06,4.32,3.27878832817078
2024-01-06,4.38,3.43413114547729
2024-01-06,4.38,3.53476595878601
2024-01-06,3.85,3.0572874546051
2024-01-06,4.32,3.19624900817871
2024-01-06,4.32,3.32038283348083
2024-01-06,4.38,3.54072403907776
2024-01-06,4.38,3.67551422119141
2024-01-07,3.11,2.97227954864502
2024-01-07,1.7,3.03612732887268
2024-01-07,1.7,3.04807114601135
2024-01-07,1.54,2.98638939857483
2024-01-07,1.54,2.91285586357117
2024-01-07,2.44,2.94790315628052
2024-01-07,2.39,3.18617343902588
2024-01-07,2.39,3.13845872879028
2024-01-07,2.61,3.07943296432495
2024-01-07,2.61,3.06260085105896
2024-01-07,2.44,2.96402525901794
2024-01-07,2.39,3.18313360214233
2024-01-07,2.39,3.18313360214233
2024-01-07,2.61,3.22512674331665
2024-01-07,2.61,3.17263245582581
2024-01-07,2.59,3.00083613395691
2024-01-07,3.15,3.22512674331665
2024-01-07,3.15,3.30956435203552
2024-01-07,3.05,3.32224917411804
2024-01-07,3.05,3.45894026756287
2024-01-07,2.59,3.14007425308228
2024-01-07,3.15,3.29296565055847
2024-01-07,3.15,3.48078727722168
2024-01-07,3.05,3.47285103797913
2024-01-07,3.05,3.56032800674438
2024-01-08,3.8,3.2781286239624
2024-01-08,3.23,3.37105345726013
2024-01-08,3.23,3.2707736492157
2024-01-08,2.69,3.18114829063416
2024-01-08,2.69,3.20936441421509
2024-01-08,3.87,3.46422815322876
2024-01-08,3.83,3.52395081520081
2024-01-08,3.83,3.53437280654907
2024-01-08,3.62,3.45763397216797
2024-01-08,3.62,3.46095204353333
2024-01-08,3.87,3.62300086021423
2024-01-08,3.83,3.7138614654541
2024-01-08,3.83,3.6893253326416
2024-01-08,3.62,3.62886786460876
2024-01-08,3.62,3.57270169258118
2024-01-08,3.94,3.72326183319092
2024-01-08,4.08,3.77075672149658
2024-01-08,4.08,3.74946618080139
2024-01-08,4.1,3.76855444908142
2024-01-08,4.1,3.77156209945679
2024-01-08,3.94,3.76743865013123
2024-01-08,4.08,3.78003764152527
2024-01-08,4.08,3.79450821876526
2024-01-08,4.1,3.87444519996643
2024-01-08,4.1,3.87444519996643
2024-01-09,3.32,3.26653289794922
2024-01-09,3.02,3.16690587997437
2024-01-09,3.02,3.13573026657104
2024-01-09,3.41,3.03500437736511
2024-01-09,3.41,3.10969710350037
2024-01-09,3.61,3.10952210426331
2024-01-09,3.63,3.17528033256531
2024-01-09,3.63,3.20669770240784
2024-01-09,3.69,3.18222212791443
2024-01-09,3.69,3.19694542884827
2024-01-09,3.61,3.2848014831543
2024-01-09,3.63,3.4588577747345
2024-01-09,3.63,3.60854387283325
2024-01-09,3.69,3.60854387283325
2024-01-09,3.69,3.54216027259827
2024-01-09,3.48,3.4588577747345
2024-01-09,3.73,3.63553953170776
2024-01-09,3.73,3.73502063751221
2024-01-09,3.78,3.73107099533081
2024-01-09,3.78,3.71309852600098
2024-01-09,3.48,3.64626598358154
2024-01-09,3.73,3.74322032928467
2024-01-09,3.73,3.79197025299072
2024-01-09,3.78,3.79844498634338
2024-01-09,3.78,3.81753325462341
2024-01-10,3.58,3.066978931427
2024-01-10,2.13,3.24737644195557
2024-01-10,2.13,3.12885856628418
2024-01-10,1.85,3.04040002822876
2024-01-10,1.85,2.9474937915802
2024-01-10,3.83,2.99632620811462
2024-01-10,3.21,3.14828515052795
2024-01-10,3.21,3.0482063293457
2024-01-10,2.61,3.26503038406372
2024-01-10,2.61,3.10287523269653
2024-01-10,3.83,3.23714900016785
2024-01-10,3.21,3.14861154556274
2024-01-10,3.21,3.13364624977112
2024-01-10,2.61,3.13871574401855
2024-01-10,2.61,3.11451077461243
2024-01-10,3.84,3.11407923698425
2024-01-10,3.95,3.1498818397522
2024-01-10,3.95,3.21877717971802
2024-01-10,3.87,3.22255253791809
2024-01-10,3.87,3.22399520874023
2024-01-10,3.84,3.38009715080261
2024-01-10,3.95,3.5377562046051
2024-01-10,3.95,3.68889784812927
2024-01-10,3.87,3.64678812026978
2024-01-10,3.87,3.60395193099976
2024-01-11,3.68,3.06113839149475
2024-01-11,3.12,2.94274115562439
2024-01-11,3.12,2.90281796455383
2024-01-11,3.75,3.20226192474365
2024-01-11,3.68,3.29716372489929
2024-01-11,3.68,3.25138163566589
2024-01-11,3.52,3.1901547908783
2024-01-11,3.52,3.19006681442261
2024-01-11,3.75,3.22619009017944
2024-01-11,3.68,3.38637375831604
2024-01-11,3.68,3.23491668701172
2024-01-11,3.52,3.20523881912231
2024-01-11,3.52,3.2830970287323
2024-01-11,3.73,3.3218629360199
2024-01-11,3.95,3.45470976829529
2024-01-11,3.95,3.45470976829529
2024-01-11,3.76,3.52013802528381
2024-01-11,3.76,3.52013802528381
2024-01-11,3.73,3.33443570137024
2024-01-11,3.95,3.58242559432983
2024-01-11,3.95,3.67654871940613
2024-01-11,3.76,3.67509126663208
2024-01-11,3.76,3.72301197052002
2024-01-12,3.8,3.17880487442017
2024-01-12,3.82,3.22972130775452
2024-01-12,3.82,3.25445175170898
2024-01-12,3.84,3.19228100776672
2024-01-12,4.07,3.34316158294678
2024-01-12,4.07,3.47999548912048
2024-01-12,4.14,3.27071118354797
2024-01-12,4.14,3.23239231109619
2024-01-12,3.84,3.27471780776978
2024-01-12,4.07,3.32398462295532
2024-01-12,4.07,3.30851769447327
2024-01-12,4.14,3.3358097076416
2024-01-12,4.14,3.30701661109924
2024-01-12,3.8,3.32685899734497
2024-01-12,4.24,3.47899031639099
2024-01-12,4.24,3.47899031639099
2024-01-12,4.25,3.46463465690613
2024-01-12,4.25,3.48093795776367
2024-01-12,3.8,3.29942202568054
2024-01-12,4.24,3.54655528068542
2024-01-12,4.24,3.64597511291504
2024-01-12,4.25,3.67911410331726
2024-01-12,4.25,3.6564359664917
2024-01-13,3.85,3.4287166595459
2024-01-13,4.02,3.52553296089172
2024-01-13,4.02,3.47250294685364
2024-01-13,4.06,3.36337757110596
2024-01-13,4.06,3.24687266349792
2024-01-13,4.12,3.39915227890015
2024-01-13,4.27,3.54631066322327
2024-01-13,4.27,3.56304144859314
2024-01-13,4.3,3.49353551864624
2024-01-13,4.3,3.48537802696228
2024-01-13,4.12,3.34665107727051
2024-01-13,4.27,3.51742839813232
2024-01-13,4.27,3.66475820541382
2024-01-13,4.3,3.68012475967407
2024-01-13,4.3,3.66475820541382
2024-01-13,4.26,3.37710094451904
2024-01-13,4.47,3.60318827629089
2024-01-13,4.47,3.71401524543762
2024-01-13,4.54,3.87549257278442
2024-01-13,4.54,3.92997026443481
2024-01-13,4.26,3.41982507705688
2024-01-13,4.47,3.60014843940735
2024-01-13,4.47,3.72846865653992
2024-01-13,4.54,3.91915345191956
2024-01-13,4.54,4.00515699386597
2024-01-14,3.8,3.49841022491455
2024-01-14,3.7,3.6080150604248
2024-01-14,3.7,3.48787021636963
2024-01-14,3.49,3.59632086753845
2024-01-14,3.49,3.4362735748291
2024-01-14,3.92,3.49992704391479
2024-01-14,4.01,3.55917000770569
2024-01-14,4.01,3.6401150226593
2024-01-14,4.02,3.5723078250885
2024-01-14,4.02,3.5038013458252
2024-01-14,3.92,3.47185182571411
2024-01-14,4.01,3.71532344818115
2024-01-14,4.01,3.76692080497742
2024-01-14,4.02,3.75651454925537
2024-01-14,4.02,3.70637273788452
2024-01-14,4.13,3.5938549041748
2024-01-14,4.28,3.78571224212646
2024-01-14,4.28,3.94185495376587
2024-01-14,4.38,3.94185495376587
2024-01-14,4.38,3.94185495376587
2024-01-14,4.13,3.61364603042603
2024-01-14,4.28,3.78047466278076
2024-01-14,4.28,3.96826100349426
2024-01-14,4.38,4.00922107696533
2024-01-14,4.38,3.99142980575562
2024-01-15,4.09,3.61586213111877
2024-01-15,4.06,3.56339621543884
2024-01-15,4.06,3.58511924743652
2024-01-15,4.04,3.47488355636597
2024-01-15,4.04,3.54877138137817
2024-01-15,4.12,3.54520177841187
2024-01-15,4.22,3.74240493774414
2024-01-15,4.22,3.80895709991455
2024-01-15,4.23,3.75700354576111
2024-01-15,4.23,3.75262069702148
2024-01-15,4.12,3.63211107254028
2024-01-15,4.22,3.87154817581177
2024-01-15,4.22,3.92900776863098
2024-01-15,4.23,3.97787094116211
2024-01-15,4.23,3.92900776863098
2024-01-15,4.15,3.66628122329712
2024-01-15,4.31,3.94421291351318
2024-01-15,4.31,3.93117928504944
2024-01-15,4.4,3.93117928504944
2024-01-15,4.4,3.97574162483215
2024-01-15,4.15,3.66241407394409
2024-01-15,4.31,3.94421291351318
2024-01-15,4.31,3.92546796798706
2024-01-15,4.4,4.02477836608887
2024-01-15,4.4,4.02498912811279
2024-01-16,2.69,3.40784072875977
2024-01-16,2.69,3.452721118927
2024-01-16,3.89,3.35695624351501
2024-01-16,3.68,3.45397019386292
2024-01-16,3.68,3.46283316612244
2024-01-16,3.78,3.48249387741089
2024-01-16,3.78,3.54553318023682
2024-01-16,3.89,3.36777305603027
2024-01-16,3.68,3.63666772842407
2024-01-16,3.68,3.63362789154053
2024-01-16,3.78,3.69924521446228
2024-01-16,3.78,3.69308376312256
2024-01-16,3.94,3.4347870349884
2024-01-16,4.16,3.77883172035217
2024-01-16,4.16,3.82411813735962
2024-01-16,4.19,3.849524974823
2024-01-16,4.19,3.86050581932068
2024-01-16,3.94,3.49505138397217
2024-01-16,4.16,3.7857506275177
2024-01-16,4.16,3.85956692695618
2024-01-16,4.19,3.87462973594666
2024-01-16,4.19,3.92456007003784
2024-01-17,3.59,2.82780909538269
2024-01-17,3.23,2.68838715553284
2024-01-17,3.23,2.9904363155365
2024-01-17,3.12,3.01680946350098
2024-01-17,3.12,3.05989956855774
2024-01-17,3.61,2.26502370834351
2024-01-17,3.45,2.99974012374878
2024-01-17,3.45,3.13613653182983
2024-01-17,3.31,3.31415414810181
2024-01-17,3.31,3.3828558921814
2024-01-17,3.61,3.22272634506226
2024-01-17,3.45,3.22272634506226
2024-01-17,3.45,3.22272634506226
2024-01-17,3.31,3.22272634506226
2024-01-17,3.31,3.29896330833435
2024-01-17,3.68,3.62947583198547
2024-01-17,3.77,3.58679723739624
2024-01-17,3.77,3.61299848556519
2024-01-17,3.79,3.61299848556519
2024-01-17,3.79,3.60512351989746
2024-01-17,3.68,3.76763415336609
2024-01-17,3.77,3.72426152229309
2024-01-17,3.77,3.72426152229309
2024-01-17,3.79,3.7381477355957
2024-01-17,3.79,3.55376958847046
2024-01-18,3.55,1.82473468780518
2024-01-18,3.55,1.95157539844513
2024-01-18,3.55,2.75748205184937
2024-01-18,3.59,2.82688498497009
2024-01-18,3.59,2.82527637481689
2024-01-18,3.63,3.30283880233765
2024-01-18,3.81,3.4607310295105
2024-01-18,3.81,3.4607310295105
2024-01-18,3.89,3.35916614532471
2024-01-18,3.89,3.40625381469727
2024-01-18,3.63,3.83950614929199
2024-01-18,3.81,3.83950614929199
2024-01-18,3.81,3.68223071098328
2024-01-18,3.89,3.69949626922607
2024-01-18,3.89,3.66329598426819
2024-01-18,3.8,3.87270164489746
2024-01-18,4.01,3.87270164489746
2024-01-18,4.01,3.83944916725159
2024-01-18,4.06,3.82476544380188
2024-01-18,4.06,3.79469442367554
2024-01-18,3.8,3.89660739898682
2024-01-18,4.01,3.9322202205658
2024-01-18,4.01,3.9643726348877
2024-01-18,4.06,3.91593933105469
2024-01-18,4.06,3.9226450920105
2024-01-19,3.7,2.98215579986572
2024-01-19,3.62,3.0136992931366
2024-01-19,3.62,3.02003693580627
2024-01-19,3.61,2.95823097229004
2024-01-19,3.61,3.00080800056458
2024-01-19,3.59,3.85233616828918
2024-01-19,3.73,3.86057543754578
2024-01-19,3.73,3.86037087440491
2024-01-19,3.77,3.8524010181427
2024-01-19,3.77,3.85260558128357
2024-01-19,3.59,3.86606931686401
2024-01-19,3.73,3.87460899353027
2024-01-19,3.73,3.90655159950256
2024-01-19,3.77,3.8990159034729
2024-01-19,3.77,3.8990159034729
2024-01-19,3.66,3.9266664981842
2024-01-19,3.88,3.8990159034729
2024-01-19,3.88,3.90036559104919
2024-01-19,4.03,3.93969583511353
2024-01-19,4.03,3.96050548553467
2024-01-19,3.66,4.01515531539917
2024-01-19,3.88,3.95534300804138
2024-01-19,3.88,3.94436836242676
2024-01-19,4.03,3.94514012336731
2024-01-19,4.03,3.94514012336731
2024-01-20,3.6,2.9494252204895
2024-01-20,3.6,3.07297992706299
2024-01-20,3.63,3.16567754745483
2024-01-20,3.63,2.99454593658447
2024-01-20,3.29,3.51498889923096
2024-01-20,3.77,3.77877306938171
2024-01-20,3.77,3.80532097816467
2024-01-20,3.79,3.75328803062439
2024-01-20,3.79,3.74034142494202
2024-01-20,3.29,3.77945232391357
2024-01-20,3.77,3.81092643737793
2024-01-20,3.77,3.82365608215332
2024-01-20,3.79,3.78413820266724
2024-01-20,3.79,3.79777026176453
2024-01-20,3.34,3.78312540054321
2024-01-20,4.05,3.79436612129211
2024-01-20,4.05,3.81044602394104
2024-01-20,3.7,3.91393089294434
2024-01-20,3.7,3.89618420600891
2024-01-20,3.34,3.77945232391357
2024-01-20,4.05,3.75328803062439
2024-01-20,4.05,3.85342383384705
2024-01-20,3.7,3.90893626213074
2024-01-20,3.7,3.8028359413147
2024-01-21,3.55,3.06951308250427
2024-01-21,3.57,2.98696494102478
2024-01-21,3.57,2.69720411300659
2024-01-21,3.52,2.60415410995483
2024-01-21,3.52,3.06505489349365
2024-01-21,3.77,2.75297999382019
2024-01-21,4,2.97550201416016
2024-01-21,4,3.06218671798706
2024-01-21,4.04,3.23423862457275
2024-01-21,4.04,2.92319703102112
2024-01-21,3.77,2.85291457176208
2024-01-21,4,3.48748207092285
2024-01-21,4,3.58635449409485
2024-01-21,4.04,3.68350863456726
2024-01-21,4.04,3.63694882392883
2024-01-21,3.88,3.03516888618469
2024-01-21,4.1,3.62656617164612
2024-01-21,4.1,3.70610022544861
2024-01-21,4.23,3.77130150794983
2024-01-21,4.23,3.75630116462708
2024-01-21,3.88,3.56961226463318
2024-01-21,4.1,3.64916396141052
2024-01-21,4.1,3.74926662445068
2024-01-21,4.23,3.79041385650635
2024-01-21,4.23,3.81909704208374
2024-01-22,2.97,1.77897870540619
2024-01-22,2.13,1.94885790348053
2024-01-22,2.13,1.89603555202484
2024-01-22,2.3,2.0288417339325
2024-01-22,2.3,2.01292896270752
2024-01-22,3.74,1.97191095352173
2024-01-22,3.51,1.94922912120819
2024-01-22,3.51,2.37695837020874
2024-01-22,3.26,2.39358115196228
2024-01-22,3.26,2.54650449752808
2024-01-22,3.74,2.10783791542053
2024-01-22,3.51,2.51753616333008
2024-01-22,3.51,2.51753616333008
2024-01-22,3.26,2.52556562423706
2024-01-22,3.26,2.68632674217224
2024-01-22,3.97,3.07175946235657
2024-01-22,4.16,3.01329636573792
2024-01-22,4.16,2.94476842880249
2024-01-22,4.05,2.93236184120178
2024-01-22,4.05,2.91840362548828
2024-01-22,3.97,3.58033227920532
2024-01-22,4.16,3.41635060310364
2024-01-22,4.16,3.42076921463013
2024-01-22,4.05,3.25702571868896
2024-01-22,4.05,3.24747800827026
2024-01-23,3.55,2.74661803245544
2024-01-23,3.52,2.66582846641541
2024-01-23,3.52,2.61192727088928
2024-01-23,3.51,2.60105800628662
2024-01-23,3.51,2.71376538276672
2024-01-23,3.74,3.04687333106995
2024-01-23,3.82,3.1996910572052
2024-01-23,3.82,3.19749307632446
2024-01-23,3.77,3.1996910572052
2024-01-23,3.77,3.11274385452271
2024-01-23,3.74,3.49974060058594
2024-01-23,3.82,3.56676554679871
2024-01-23,3.82,3.56822109222412
2024-01-23,3.77,3.56623363494873
2024-01-23,3.77,3.56665539741516
2024-01-23,3.98,3.57298135757446
2024-01-23,4.16,3.57496881484985
2024-01-23,4.16,3.59381985664368
2024-01-23,4.02,3.62954616546631
2024-01-23,4.02,3.63705635070801
2024-01-23,3.98,3.59895825386047
2024-01-23,4.16,3.62954616546631
2024-01-23,4.16,3.63299226760864
2024-01-23,4.02,3.67920160293579
2024-01-23,4.02,3.67920160293579
2024-01-24,3.88,2.7815465927124
2024-01-24,3.82,2.80765581130981
2024-01-24,3.82,2.81137156486511
2024-01-24,3.78,2.90344405174255
2024-01-24,3.78,2.88898205757141
2024-01-24,3.83,3.42241382598877
2024-01-24,3.95,3.44807004928589
2024-01-24,3.95,3.42998671531677
2024-01-24,4.02,3.34643387794495
2024-01-24,4.02,3.37190866470337
2024-01-24,3.83,3.54350471496582
2024-01-24,3.95,3.54539728164673
2024-01-24,3.95,3.61316800117493
2024-01-24,4.02,3.59961223602295
2024-01-24,4.02,3.52628040313721
2024-01-24,3.99,3.60570526123047
2024-01-24,4.18,3.58617925643921
2024-01-24,4.18,3.65157437324524
2024-01-24,4.23,3.66561913490295
2024-01-24,4.23,3.64562201499939
2024-01-24,3.99,3.53196430206299
2024-01-24,4.18,3.65251350402832
2024-01-24,4.18,3.66747903823853
2024-01-24,4.23,3.84029197692871
2024-01-24,4.23,3.66560173034668
2024-01-25,3.89,3.21945071220398
2024-01-25,3.83,3.44933915138245
2024-01-25,3.83,3.34874868392944
2024-01-25,3.84,3.54804849624634
2024-01-25,3.96,3.75844264030457
2024-01-25,3.96,3.72169184684753
2024-01-25,4.01,3.73861694335938
2024-01-25,4.01,3.54916715621948
2024-01-25,3.84,3.68586373329163
2024-01-25,3.96,3.91308951377869
2024-01-25,3.96,3.92529249191284
2024-01-25,4.01,3.94967937469482
2024-01-25,4.01,3.9056453704834
2024-01-25,3.92,3.68427419662476
2024-01-25,4.06,3.94262838363647
2024-01-25,4.06,3.94458341598511
2024-01-25,4.17,3.97020745277405
2024-01-25,4.17,3.96066808700562
2024-01-25,3.92,3.68505883216858
2024-01-25,4.06,3.93726491928101
2024-01-25,4.06,3.94510197639465
2024-01-25,4.17,3.94081163406372
2024-01-25,4.17,3.93075323104858
2024-01-26,3.52,3.06169867515564
2024-01-26,3.45,3.26830649375916
2024-01-26,3.45,3.25841641426086
2024-01-26,3.59,3.26830649375916
2024-01-26,3.59,3.17039346694946
2024-01-26,3.55,3.27243208885193
2024-01-26,3.79,3.51334857940674
2024-01-26,3.79,3.63515424728394
2024-01-26,3.84,3.61673092842102
2024-01-26,3.84,3.55015444755554
2024-01-26,3.55,3.20455193519592
2024-01-26,3.79,3.56356835365295
2024-01-26,3.79,3.83806490898132
2024-01-26,3.84,3.83269476890564
2024-01-26,3.84,3.84250712394714
2024-01-26,3.45,3.2511088848114
2024-01-26,3.88,3.64531397819519
2024-01-26,3.88,3.86092519760132
2024-01-26,3.72,3.84302568435669
2024-01-26,3.72,3.56212973594666
2024-01-26,3.45,3.24791622161865
2024-01-26,3.88,3.63615822792053
2024-01-26,3.88,3.79098534584045
2024-01-26,3.72,3.84250712394714
2024-01-26,3.72,3.56876516342163
2024-01-27,3.2,2.93741703033447
2024-01-27,3.34,2.9478132724762
2024-01-27,3.34,2.97908878326416
2024-01-27,3.51,2.77990341186523
2024-01-27,3.51,2.92320728302002
2024-01-27,3.16,3.2685489654541
2024-01-27,3.52,3.24327349662781
2024-01-27,3.52,3.26051735877991
2024-01-27,3.74,3.26051735877991
2024-01-27,3.74,3.24712753295898
2024-01-27,3.16,3.23283290863037
2024-01-27,3.52,3.2202672958374
2024-01-27,3.52,3.34002923965454
2024-01-27,3.74,3.39629101753235
2024-01-27,3.74,3.40984678268433
2024-01-27,3.2,3.26051735877991
2024-01-27,3.66,3.12220907211304
2024-01-27,3.66,3.29456210136414
2024-01-27,3.83,3.35477447509766
2024-01-27,3.83,3.38044571876526
2024-01-27,3.2,3.26606678962708
2024-01-27,3.66,3.06656074523926
2024-01-27,3.66,3.08421659469604
2024-01-27,3.83,2.9604971408844
2024-01-27,3.83,3.15597748756409
2024-01-28,3.05,2.88837695121765
2024-01-28,2.88,2.99179244041443
2024-01-28,2.88,2.9300856590271
2024-01-28,2.99,2.88268494606018
2024-01-28,2.99,2.99969696998596
2024-01-28,3.32,2.97919917106628
2024-01-28,3.38,3.18900942802429
2024-01-28,3.38,3.33746719360352
2024-01-28,3.39,3.3991641998291
2024-01-28,3.39,3.38836097717285
2024-01-28,3.32,3.06126928329468
2024-01-28,3.38,3.35960054397583
2024-01-28,3.38,3.47849726676941
2024-01-28,3.39,3.62815046310425
2024-01-28,3.39,3.65705108642578
2024-01-28,3.52,3.1582145690918
2024-01-28,3.67,3.41880130767822
2024-01-28,3.67,3.45546579360962
2024-01-28,3.52,3.56487989425659
2024-01-28,3.52,3.70020532608032
2024-01-28,3.52,3.07040452957153
2024-01-28,3.67,3.42055940628052
2024-01-28,3.67,3.46864652633667
2024-01-28,3.52,3.51070785522461
2024-01-28,3.52,3.70370268821716
2024-01-29,3.44,2.93036198616028
2024-01-29,3.57,2.58235025405884
2024-01-29,3.57,3.08358335494995
2024-01-29,3.44,3.34022998809814
2024-01-29,3.44,3.22915863990784
2024-01-29,3.71,2.81604814529419
2024-01-29,3.91,3.34022998809814
2024-01-29,3.91,3.59310936927795
2024-01-29,3.71,3.65397047996521
2024-01-29,3.71,3.79678511619568
2024-01-29,3.71,2.96557331085205
2024-01-29,3.91,3.44842481613159
2024-01-29,3.91,3.70243573188782
2024-01-29,3.71,3.74771595001221
2024-01-29,3.71,3.86405062675476
2024-01-29,3.91,3.12577152252197
2024-01-29,4.24,3.44875288009644
2024-01-29,4.24,3.67623448371887
2024-01-29,4.3,3.77600359916687
2024-01-29,4.3,3.92853713035583
2024-01-29,3.91,2.97532415390015
2024-01-29,4.24,3.40779376029968
2024-01-29,4.24,3.60513043403625
2024-01-29,4.3,3.81717967987061
2024-01-29,4.3,3.85205388069153
2024-01-30,3.8,2.74408864974976
2024-01-30,3.77,2.86490845680237
2024-01-30,3.77,2.92321014404297
2024-01-30,3.34,2.75705456733704
2024-01-30,3.34,2.69986438751221
2024-01-30,3.84,2.99257969856262
2024-01-30,3.83,2.91771864891052
2024-01-30,3.83,2.92047905921936
2024-01-30,3.37,2.93868446350098
2024-01-30,3.37,2.9762282371521
2024-01-30,3.84,2.90117335319519
2024-01-30,3.83,2.98322725296021
2024-01-30,3.83,2.58258152008057
2024-01-30,3.37,2.65460324287415
2024-01-30,3.37,2.65460324287415
2024-01-30,3.98,2.9641284942627
2024-01-30,3.84,2.67734241485596
2024-01-30,3.84,2.61314487457275
2024-01-30,2.99,3.35594010353088
2024-01-30,2.99,3.40289878845215
2024-01-30,3.98,2.96076965332031
2024-01-30,3.84,2.61948227882385
2024-01-30,3.84,2.65460324287415
2024-01-30,2.99,3.29364132881165
2024-01-30,2.99,3.40676474571228
2024-01-31,3.45,2.82324767112732
2024-01-31,3.29,2.60179972648621
2024-01-31,3.29,2.5741720199585
2024-01-31,3.55,2.68367886543274
2024-01-31,3.55,2.64169692993164
2024-01-31,3.69,2.74570226669312
2024-01-31,3.76,3.0296618938446
2024-01-31,3.76,2.99638605117798
2024-01-31,3.9,3.09716558456421
2024-01-31,3.9,3.04266595840454
2024-01-31,3.69,3.07226610183716
2024-01-31,3.76,3.07150387763977
2024-01-31,3.76,3.41338753700256
2024-01-31,3.9,3.47617506980896
2024-01-31,3.9,3.56958794593811
2024-01-31,3.85,3.06812810897827
2024-01-31,4.04,3.21614193916321
2024-01-31,4.04,3.45358896255493
2024-01-31,4.09,3.64601540565491
2024-01-31,4.09,3.64880681037903
2024-01-31,3.85,3.08088254928589
2024-01-31,4.04,3.31454825401306
2024-01-31,4.04,3.49162101745605
2024-01-31,4.09,3.67495179176331
2024-01-31,4.09,3.68702912330627
2024-02-01,3.23,2.49437427520752
2024-02-01,3.07,2.31945419311523
2024-02-01,3.07,2.36596941947937
2024-02-01,2.97,2.22660493850708
2024-02-01,2.97,2.19303059577942
2024-02-01,3.3,2.38062500953674
2024-02-01,3.35,2.05828905105591
2024-02-01,3.35,2.25499129295349
2024-02-01,3.34,2.63403820991516
2024-02-01,3.34,2.70638871192932
2024-02-01,3.3,3.15431666374207
2024-02-01,3.35,3.15431666374207
2024-02-01,3.35,2.73744869232178
2024-02-01,3.34,2.79081344604492
2024-02-01,3.34,3.13576245307922
2024-02-01,3.52,3.37846755981445
2024-02-01,3.57,3.3114321231842
2024-02-01,3.57,2.83196759223938
2024-02-01,3.3,2.78086829185486
2024-02-01,3.3,2.92721962928772
2024-02-01,3.52,3.34780097007751
2024-02-01,3.57,3.22968912124634
2024-02-01,3.57,3.04970479011536
2024-02-01,3.3,2.94082164764404
2024-02-01,3.3,2.8251621723175
2024-02-02,3.33,1.97111237049103
2024-02-02,3.28,2.18426203727722
2024-02-02,3.28,2.44804358482361
2024-02-02,2.98,2.4588668346405
2024-02-02,2.98,2.4588668346405
2024-02-02,3.53,2.45409488677979
2024-02-02,3.57,2.56690359115601
2024-02-02,3.57,2.57204222679138
2024-02-02,3.62,2.56192350387573
2024-02-02,3.62,2.55636882781982
2024-02-02,3.53,3.13915991783142
2024-02-02,3.57,3.068852186203
2024-02-02,3.57,2.95554661750793
2024-02-02,3.62,3.0293025970459
2024-02-02,3.62,2.99685287475586
2024-02-02,3.55,3.3476574420929
2024-02-02,3.6,3.15039706230164
2024-02-02,3.6,2.82665514945984
2024-02-02,3.6,3.11365604400635
2024-02-02,3.6,3.16270565986633
2024-02-02,3.55,3.28722810745239
2024-02-02,3.6,3.18951463699341
2024-02-02,3.6,3.19473266601562
2024-02-02,3.6,3.23882341384888
2024-02-02,3.6,3.25809168815613
2024-02-03,2.87,2.32299280166626
2024-02-03,2.7,2.15255045890808
2024-02-03,2.7,2.47185349464417
2024-02-03,2.45,2.5595223903656
2024-02-03,2.45,2.53632974624634
2024-02-03,2.92,2.71250891685486
2024-02-03,2.94,2.82161450386047
2024-02-03,2.94,2.86161708831787
2024-02-03,2.65,2.84721946716309
2024-02-03,2.65,2.69124913215637
2024-02-03,2.92,3.07545113563538
2024-02-03,2.94,3.07545113563538
2024-02-03,2.94,3.17615175247192
2024-02-03,2.65,3.04978156089783
2024-02-03,2.65,3.0959198474884
2024-02-03,2.99,3.00118398666382
2024-02-03,3.3,3.0494601726532
2024-02-03,3.3,3.23478245735168
2024-02-03,3.2,3.24839305877686
2024-02-03,3.2,3.03420329093933
2024-02-03,2.99,2.9707362651825
2024-02-03,3.3,3.23711657524109
2024-02-03,3.3,3.32793307304382
2024-02-03,3.2,3.38650870323181
2024-02-03,3.2,3.09223389625549
2024-02-04,3.13,2.838223695755
2024-02-04,3.02,2.80601119995117
2024-02-04,3.02,2.82151913642883
2024-02-04,3.24,3.03028607368469
2024-02-04,3.48,3.15083837509155
2024-02-04,3.48,3.01750087738037
2024-02-04,3.39,3.2089204788208
2024-02-04,3.39,3.15530586242676
2024-02-04,3.24,2.96859169006348
2024-02-04,3.48,3.35491061210632
2024-02-04,3.48,3.38140869140625
2024-02-04,3.39,3.42046189308167
2024-02-04,3.39,3.37217140197754
2024-02-04,3.07,3.03421235084534
2024-02-04,3.57,3.36120510101318
2024-02-04,3.57,3.44537401199341
2024-02-04,3.55,3.36154317855835
2024-02-04,3.55,3.15776824951172
2024-02-04,3.07,3.00134372711182
2024-02-04,3.57,3.22171664237976
2024-02-04,3.57,3.40786385536194
2024-02-04,3.55,3.40366435050964
2024-02-04,3.55,3.29331874847412
2024-02-05,2.88,2.58894062042236
2024-02-05,2.91,2.88958859443665
2024-02-05,2.91,3.00800609588623
2024-02-05,2.57,2.86272716522217
2024-02-05,2.57,2.72321605682373
2024-02-05,2.88,2.87985253334045
2024-02-05,3.5,3.15630865097046
2024-02-05,3.5,3.09212732315063
2024-02-05,3.54,3.21883749961853
2024-02-05,3.54,3.10935235023499
2024-02-05,2.88,3.01690888404846
2024-02-05,3.5,3.22136902809143
2024-02-05,3.5,3.31313490867615
2024-02-05,3.54,3.27690815925598
2024-02-05,3.54,3.32878232002258
2024-02-05,3.12,3.02534174919128
2024-02-05,3.61,3.30100417137146
2024-02-05,3.61,3.3269898891449
2024-02-05,3.69,3.36041569709778
2024-02-05,3.69,3.30451393127441
2024-02-05,3.12,3.1320469379425
2024-02-05,3.61,3.30100417137146
2024-02-05,3.61,3.3269898891449
2024-02-05,3.69,3.31210660934448
2024-02-05,3.69,3.27757287025452
2024-02-06,3.35,2.65854978561401
2024-02-06,3.42,2.59340167045593
2024-02-06,3.42,2.82369661331177
2024-02-06,3.35,2.67976212501526
2024-02-06,3.45,2.78023219108582
2024-02-06,3.45,3.05953049659729
2024-02-06,3.52,3.0773983001709
2024-02-06,3.52,3.111896276474
2024-02-06,3.35,3.01271462440491
2024-02-06,3.45,3.05771255493164
2024-02-06,3.45,3.05867409706116
2024-02-06,3.52,3.0430850982666
2024-02-06,3.52,2.80178618431091
2024-02-06,3.41,3.07292437553406
2024-02-06,3.74,3.09326148033142
2024-02-06,3.74,3.03247833251953
2024-02-06,3.79,2.86465644836426
2024-02-06,3.79,2.61561632156372
2024-02-06,3.41,3.09480571746826
2024-02-06,3.74,3.06751918792725
2024-02-06,3.74,3.03247833251953
2024-02-06,3.79,2.86465644836426
2024-02-06,3.79,2.63367056846619
2024-02-07,3.12,2.52521443367004
2024-02-07,3.12,2.58966708183289
2024-02-07,3.32,2.60850381851196
2024-02-07,3.32,2.60360884666443
2024-02-07,3.4,2.49446392059326
2024-02-07,3.21,2.60929250717163
2024-02-07,3.21,2.69267320632935
2024-02-07,3.8,2.91422939300537
2024-02-07,3.8,2.89162921905518
2024-02-07,3.4,2.80651354789734
2024-02-07,3.21,2.75358772277832
2024-02-07,3.21,3.01992797851562
2024-02-07,3.8,2.96506762504578
2024-02-07,3.8,2.99612212181091
2024-02-07,3.48,2.80765151977539
2024-02-07,3.62,2.76293325424194
2024-02-07,3.62,3.03695368766785
2024-02-07,3.92,2.99352169036865
2024-02-07,3.92,2.85773754119873
2024-02-07,3.48,2.84666752815247
2024-02-07,3.62,2.84517645835876
2024-02-07,3.62,3.06898975372314
2024-02-07,3.92,3.04860997200012
2024-02-07,3.92,2.85236310958862
2024-02-08,3.31,3.02653789520264
2024-02-08,3.34,2.99725079536438
2024-02-08,3.34,3.03367781639099
2024-02-08,3.24,3.02125287055969
2024-02-08,3.24,2.96257400512695
2024-02-08,3.45,3.07554054260254
2024-02-08,3.59,3.10517477989197
2024-02-08,3.59,3.17573761940002
2024-02-08,3.69,3.17325401306152
2024-02-08,3.69,3.17511796951294
2024-02-08,3.45,3.07554054260254
2024-02-08,3.59,3.15769267082214
2024-02-08,3.59,3.1766881942749
2024-02-08,3.69,3.1766881942749
2024-02-08,3.69,3.16773748397827
2024-02-08,3.65,3.06804537773132
2024-02-08,3.81,3.17325401306152
2024-02-08,3.81,3.15864324569702
2024-02-08,3.93,3.15864324569702
2024-02-08,3.93,3.1742045879364
2024-02-08,3.65,3.06658983230591
2024-02-08,3.81,3.17325401306152
2024-02-08,3.81,3.15864324569702
2024-02-08,3.93,3.1742045879364
2024-02-08,3.93,3.18638753890991
2024-02-09,3.01,2.9955632686615
2024-02-09,2.99,2.99073004722595
2024-02-09,2.99,3.07291769981384
2024-02-09,2.98,3.08988928794861
2024-02-09,2.98,3.0810558795929
2024-02-09,2.84,3.08562731742859
2024-02-09,3.22,3.20375227928162
2024-02-09,3.22,3.3082013130188
2024-02-09,3.61,3.28720688819885
2024-02-09,3.61,3.27092981338501
2024-02-09,2.84,3.13067269325256
2024-02-09,3.22,3.30633735656738
2024-02-09,3.22,3.30728793144226
2024-02-09,3.61,3.30824613571167
2024-02-09,3.61,3.28043079376221
2024-02-09,3.34,3.06540107727051
2024-02-09,3.78,3.27992677688599
2024-02-09,3.78,3.27968072891235
2024-02-09,3.94,3.26652216911316
2024-02-09,3.94,3.27111792564392
2024-02-09,3.34,3.17299437522888
2024-02-09,3.78,3.27992677688599
2024-02-09,3.78,3.26638460159302
2024-02-09,3.94,3.27235627174377
2024-02-09,3.94,3.31939268112183
2024-02-10,3.52,3.02078032493591
2024-02-10,3.29,3.08498668670654
2024-02-10,3.29,3.14196276664734
2024-02-10,3.08,3.11548924446106
2024-02-10,3.08,3.09332680702209
2024-02-10,3.55,3.09768176078796
2024-02-10,3.6,3.28396701812744
2024-02-10,3.6,3.30309748649597
2024-02-10,3.55,3.30309748649597
2024-02-10,3.55,3.30496144294739
2024-02-10,3.55,3.27562046051025
2024-02-10,3.6,3.28690433502197
2024-02-10,3.6,3.27644085884094
2024-02-10,3.55,3.28769969940186
2024-02-10,3.55,3.28050899505615
2024-02-10,3.59,3.32371425628662
2024-02-10,3.73,3.26314473152161
2024-02-10,3.73,3.27033543586731
2024-02-10,3.81,3.27639484405518
2024-02-10,3.81,3.27033543586731
2024-02-10,3.59,3.28769969940186
2024-02-10,3.73,3.26314473152161
2024-02-10,3.73,3.26463198661804
2024-02-10,3.81,3.2716851234436
2024-02-10,3.81,3.27033543586731
2024-02-11,3.62,3.09335923194885
2024-02-11,3.57,3.12985682487488
2024-02-11,3.57,3.10328269004822
2024-02-11,3.44,3.14401841163635
2024-02-11,3.44,3.10006332397461
2024-02-11,3.51,3.26732516288757
2024-02-11,3.59,3.28828454017639
2024-02-11,3.59,3.28828454017639
2024-02-11,3.6,3.28828454017639
2024-02-11,3.6,3.28826546669006
2024-02-11,3.51,3.27092027664185
2024-02-11,3.59,3.28001952171326
2024-02-11,3.59,3.31371784210205
2024-02-11,3.6,3.27821779251099
2024-02-11,3.6,3.27226996421814
2024-02-11,3.56,3.27821779251099
2024-02-11,3.71,3.26265645027161
2024-02-11,3.71,3.28562808036804
2024-02-11,3.76,3.28562808036804
2024-02-11,3.76,3.28658628463745
2024-02-11,3.56,3.27821779251099
2024-02-11,3.71,3.28562808036804
2024-02-11,3.71,3.28704285621643
2024-02-11,3.76,3.28704285621643
2024-02-11,3.76,3.28704285621643
2024-02-12,3.3,2.84883713722229
2024-02-12,3.49,2.81087422370911
2024-02-12,3.49,2.89520335197449
2024-02-12,3.56,2.88965058326721
2024-02-12,3.56,2.84656643867493
2024-02-12,3.59,3.0054657459259
2024-02-12,3.73,3.12856864929199
2024-02-12,3.73,3.1233377456665
2024-02-12,3.77,3.0888831615448
2024-02-12,3.77,3.09879231452942
2024-02-12,3.59,3.13333439826965
2024-02-12,3.73,3.12372922897339
2024-02-12,3.73,3.13238930702209
2024-02-12,3.77,3.19615292549133
2024-02-12,3.77,3.16356062889099
2024-02-12,3.61,3.12237954139709
2024-02-12,3.83,3.12399959564209
2024-02-12,3.83,3.21106791496277
2024-02-12,3.89,3.15630435943604
2024-02-12,3.89,3.06481862068176
2024-02-12,3.61,3.07758188247681
2024-02-12,3.83,3.1159942150116
2024-02-12,3.83,3.19092440605164
2024-02-12,3.89,3.12245321273804
2024-02-12,3.89,3.01160764694214
2024-02-13,3.41,2.75323414802551
2024-02-13,3.37,2.83108997344971
2024-02-13,3.37,2.78828454017639
2024-02-13,3.5,2.67023301124573
2024-02-13,3.5,2.64786314964294
2024-02-13,3.58,2.92984080314636
2024-02-13,3.8,3.02591776847839
2024-02-13,3.8,3.05248165130615
2024-02-13,3.88,3.03415632247925
2024-02-13,3.88,2.98309898376465
2024-02-13,3.58,2.85353207588196
2024-02-13,3.8,3.26995348930359
2024-02-13,3.8,3.34335994720459
2024-02-13,3.88,3.39605617523193
2024-02-13,3.88,3.23919749259949
2024-02-13,3.58,2.94670677185059
2024-02-13,3.91,3.20824575424194
2024-02-13,3.91,3.25609731674194
2024-02-13,4.03,3.39840722084045
2024-02-13,4.03,3.24396061897278
2024-02-13,3.58,2.98810291290283
2024-02-13,3.91,3.13319873809814
2024-02-13,3.91,3.24714660644531
2024-02-13,4.03,3.23092985153198
2024-02-13,4.03,3.25578737258911
2024-02-14,3.29,2.84524297714233
2024-02-14,2.76,2.79303002357483
2024-02-14,2.76,2.87369704246521
2024-02-14,2.94,2.76945519447327
2024-02-14,2.94,2.73542952537537
2024-02-14,3.24,2.80220150947571
2024-02-14,3.51,3.03367471694946
2024-02-14,3.51,3.04408645629883
2024-02-14,3.45,2.98607063293457
2024-02-14,3.45,2.98309898376465
2024-02-14,3.24,2.97313714027405
2024-02-14,3.51,3.10544800758362
2024-02-14,3.51,3.21719646453857
2024-02-14,3.45,3.21719646453857
2024-02-14,3.45,3.1599862575531
2024-02-14,3.44,2.91759133338928
2024-02-14,3.68,3.13666176795959
2024-02-14,3.68,3.21196341514587
2024-02-14,3.8,3.22930979728699
2024-02-14,3.8,3.22930979728699
2024-02-14,3.44,2.91601610183716
2024-02-14,3.68,3.19040894508362
2024-02-14,3.68,3.22930979728699
2024-02-14,3.8,3.22930979728699
2024-02-14,3.8,3.18027210235596
2024-02-15,2.95,2.74612712860107
2024-02-15,2.71,2.73886466026306
2024-02-15,2.71,2.73886466026306
2024-02-15,2.45,2.66490459442139
2024-02-15,2.45,2.55658888816833
2024-02-15,2.79,2.80664706230164
2024-02-15,2.41,2.8595986366272
2024-02-15,2.41,2.87955760955811
2024-02-15,2.68,2.93537974357605
2024-02-15,2.68,2.85206580162048
2024-02-15,2.79,2.84653186798096
2024-02-15,2.41,2.87955760955811
2024-02-15,2.41,2.95678353309631
2024-02-15,2.68,3.11807060241699
2024-02-15,2.68,3.05786347389221
2024-02-15,2.85,2.81753063201904
2024-02-15,2.91,2.93547487258911
2024-02-15,2.91,3.11807060241699
2024-02-15,3.22,3.05786347389221
2024-02-15,3.22,3.0168149471283
2024-02-15,2.85,2.82708978652954
2024-02-15,2.91,2.93748641014099
2024-02-15,2.91,3.05786347389221
2024-02-15,3.22,3.05734395980835
2024-02-15,3.22,2.9639048576355
2024-02-16,2.44,2.78426265716553
2024-02-16,2.3,2.82959222793579
2024-02-16,2.3,2.78670501708984
2024-02-16,2.31,2.69019556045532
2024-02-16,2.31,2.55643320083618
2024-02-16,2.62,2.8540256023407
2024-02-16,2.52,2.97524523735046
2024-02-16,2.52,2.97602486610413
2024-02-16,2.46,2.94254541397095
2024-02-16,2.46,2.85198903083801
2024-02-16,2.62,2.97391819953918
2024-02-16,2.52,3.06245183944702
2024-02-16,2.52,3.07812166213989
2024-02-16,2.46,3.07609939575195
2024-02-16,2.46,3.05577516555786
2024-02-16,2.95,2.97735190391541
2024-02-16,2.95,3.06245183944702
2024-02-16,2.95,3.06686282157898
2024-02-16,2.88,3.08547139167786
2024-02-16,2.88,3.08576059341431
2024-02-16,2.95,3.08202338218689
2024-02-16,2.95,3.05915451049805
2024-02-16,2.95,3.07112860679626
2024-02-16,2.88,3.11105346679688
2024-02-16,2.88,3.10843062400818
2024-02-17,3.07,2.85244393348694
2024-02-17,2.94,2.92636299133301
2024-02-17,2.94,2.97024297714233
2024-02-17,2.66,2.9612922668457
2024-02-17,2.66,2.92636299133301
2024-02-17,3.25,2.97735190391541
2024-02-17,3.34,3.05861139297485
2024-02-17,3.34,3.17087006568909
2024-02-17,3.37,3.18657779693604
2024-02-17,3.37,3.05567216873169
2024-02-17,3.25,3.07812166213989
2024-02-17,3.34,3.09363436698914
2024-02-17,3.34,3.22588968276978
2024-02-17,3.37,3.26837182044983
2024-02-17,3.37,3.26741909980774
2024-02-17,3.38,3.10400032997131
2024-02-17,3.52,3.20300889015198
2024-02-17,3.52,3.27879667282104
2024-02-17,3.57,3.20434784889221
2024-02-17,3.57,3.22413945198059
2024-02-17,3.38,3.12350606918335
2024-02-17,3.52,3.27879667282104
2024-02-17,3.52,3.27036452293396
2024-02-17,3.57,3.20486640930176
2024-02-17,3.57,3.20486640930176
2024-02-18,3.25,2.6049907207489
2024-02-18,3.25,2.76899194717407
2024-02-18,3.25,2.8189845085144
2024-02-18,3.23,2.80432534217834
2024-02-18,3.23,2.78784990310669
2024-02-18,3.27,3.07046985626221
2024-02-18,3.4,3.0205671787262
2024-02-18,3.4,3.01521706581116
2024-02-18,3.27,3.02965450286865
2024-02-18,3.4,3.03166508674622
2024-02-18,3.4,3.03166508674622
2024-02-18,3.41,3.07704305648804
2024-02-18,3.55,3.16656160354614
2024-02-18,3.55,3.16092896461487
2024-02-18,3.41,3.07845783233643
2024-02-18,3.55,3.16092896461487
2024-02-18,3.55,3.08296275138855
2024-02-19,3.39,2.64095115661621
2024-02-19,3.3,2.75837421417236
2024-02-19,3.3,2.75649690628052
2024-02-19,3.18,2.66938281059265
2024-02-19,3.18,2.45141816139221
2024-02-19,3.41,2.92521595954895
2024-02-19,3.52,3.02453923225403
2024-02-19,3.52,3.02453923225403
2024-02-19,3.54,2.92521595954895
2024-02-19,3.54,2.81291198730469
2024-02-19,3.41,3.02226114273071
2024-02-19,3.52,3.05077648162842
2024-02-19,3.52,3.05077648162842
2024-02-19,3.54,3.05077648162842
2024-02-19,3.54,3.03747534751892
2024-02-19,3.5,3.05077648162842
2024-02-19,3.63,3.0827157497406
2024-02-19,3.63,3.15903568267822
2024-02-19,3.67,3.16344666481018
2024-02-19,3.67,3.16344666481018
2024-02-19,3.5,3.06703114509583
2024-02-19,3.63,3.15903568267822
2024-02-19,3.63,3.09470343589783
2024-02-19,3.67,3.06765055656433
2024-02-19,3.67,3.06771206855774
2024-02-20,2.78,2.48323345184326
2024-02-20,2.98,2.41213202476501
2024-02-20,2.98,2.60586047172546
2024-02-20,2.95,2.61219811439514
2024-02-20,2.95,2.44137930870056
2024-02-20,3.02,2.6043107509613
2024-02-20,3.29,2.78317594528198
2024-02-20,3.29,2.99899053573608
2024-02-20,3.27,2.99649858474731
2024-02-20,3.27,3.00355172157288
2024-02-20,3.02,2.81899762153625
2024-02-20,3.29,2.99127721786499
2024-02-20,3.29,3.0345606803894
2024-02-20,3.27,3.08019852638245
2024-02-20,3.27,3.11795163154602
2024-02-20,2.97,2.77563524246216
2024-02-20,3.47,2.99127721786499
2024-02-20,3.47,3.07687187194824
2024-02-20,3.53,3.17236828804016
2024-02-20,3.53,3.0589382648468
2024-02-20,2.97,2.72494387626648
2024-02-20,3.47,2.99457454681396
2024-02-20,3.47,3.07072067260742
2024-02-20,3.53,3.07764577865601
2024-02-20,3.53,3.06785035133362
2024-02-21,2.96,2.58912014961243
2024-02-21,2.76,2.67562627792358
2024-02-21,2.76,2.74237585067749
2024-02-21,2.41,2.68340301513672
2024-02-21,2.41,2.57641243934631
2024-02-21,3.14,2.68276357650757
2024-02-21,3.12,2.78326320648193
2024-02-21,3.12,2.78471875190735
2024-02-21,2.99,2.78326320648193
2024-02-21,2.99,2.77169036865234
2024-02-21,3.14,2.67972373962402
2024-02-21,3.12,2.83761024475098
2024-02-21,3.12,2.88561367988586
2024-02-21,2.99,2.84144806861877
2024-02-21,2.99,2.79001450538635
2024-02-21,3.21,2.67972373962402
2024-02-21,3.4,2.88235092163086
2024-02-21,3.4,2.99899053573608
2024-02-21,3.45,2.99899053573608
2024-02-21,3.45,2.88934898376465
2024-02-21,3.21,2.67972373962402
2024-02-21,3.4,2.89777636528015
2024-02-21,3.4,2.99127721786499
2024-02-21,3.45,3.00766730308533
2024-02-21,3.45,3.00355172157288
2024-02-22,2.99,2.66474437713623
2024-02-22,2.48,2.73495054244995
2024-02-22,2.48,2.90650844573975
2024-02-22,2.03,2.85540056228638
2024-02-22,2.03,2.78862905502319
2024-02-22,3.04,2.77777147293091
2024-02-22,3.13,2.9333484172821
2024-02-22,3.13,2.93066358566284
2024-02-22,3,2.93066358566284
2024-02-22,3,2.89435744285583
2024-02-22,3.04,2.92541337013245
2024-02-22,3.13,3.03032183647156
2024-02-22,3.13,3.02590584754944
2024-02-22,3,3.04127669334412
2024-02-22,3,2.92893242835999
2024-02-22,3.12,2.92740082740784
2024-02-22,3.29,3.03032183647156
2024-02-22,3.29,3.03032183647156
2024-02-22,3.34,3.03488302230835
2024-02-22,3.34,3.0347728729248
2024-02-22,3.12,3.03356337547302
2024-02-22,3.29,3.02260851860046
2024-02-22,3.29,3.03782272338867
2024-02-22,3.34,3.02917957305908
2024-02-22,3.34,3.07847833633423
2024-02-23,3.05,2.88050651550293
2024-02-23,3.04,2.86837553977966
2024-02-23,3.04,2.88880276679993
2024-02-23,3.01,2.86002612113953
2024-02-23,3.01,2.87215709686279
2024-02-23,3.1,2.95343780517578
2024-02-23,3.27,3.0586941242218
2024-02-23,3.27,3.0586941242218
2024-02-23,3.1,2.95616126060486
2024-02-23,3.27,3.07417154312134
2024-02-23,3.27,3.07639217376709
2024-02-23,3.26,3.04810619354248
2024-02-23,3.44,3.08405995368958
2024-02-23,3.44,3.17735290527344
2024-02-23,3.26,3.04810619354248
2024-02-23,3.44,3.07667851448059
2024-02-23,3.44,3.18105983734131
2024-02-24,1.72,2.35525846481323
2024-02-24,2.43,2.51879715919495
2024-02-24,2.43,2.43011426925659
2024-02-24,2.84,2.49760603904724
2024-02-24,2.84,2.42377662658691
2024-02-24,2.3,2.63343644142151
2024-02-24,2.75,2.78289365768433
2024-02-24,2.75,2.81724238395691
2024-02-24,3.29,2.85396337509155
2024-02-24,3.29,2.9218442440033
2024-02-24,2.3,2.81648993492126
2024-02-24,2.75,2.82292079925537
2024-02-24,2.75,2.87449169158936
2024-02-24,3.29,2.99720239639282
2024-02-24,3.29,3.11908459663391
2024-02-24,3.05,2.83379411697388
2024-02-24,3.38,2.8384268283844
2024-02-24,3.38,2.9423725605011
2024-02-24,3.5,3.15165233612061
2024-02-24,3.5,2.96344828605652
2024-02-24,3.05,2.83464860916138
2024-02-24,3.38,2.84388971328735
2024-02-24,3.38,2.95300912857056
2024-02-24,3.5,3.08838176727295
2024-02-24,3.5,3.03807282447815
2024-02-25,2.66,2.83765721321106
2024-02-25,2.52,2.9456570148468
2024-02-25,2.52,2.98759484291077
2024-02-25,2.32,2.91717529296875
2024-02-25,2.32,2.74016380310059
2024-02-25,2.92,2.98759484291077
2024-02-25,2.85,3.14552807807922
2024-02-25,2.85,3.12751150131226
2024-02-25,3.01,3.07877421379089
2024-02-25,3.01,3.07877421379089
2024-02-25,2.92,3.07877421379089
2024-02-25,2.85,3.08126735687256
2024-02-25,2.85,3.08126735687256
2024-02-25,3.01,3.07877421379089
2024-02-25,3.01,3.07877421379089
2024-02-25,3.35,3.0462064743042
2024-02-25,3.65,3.07877421379089
2024-02-25,3.65,3.07877421379089
2024-02-25,3.84,3.07877421379089
2024-02-25,3.84,3.07877421379089
2024-02-25,3.35,3.0462064743042
2024-02-25,3.65,3.07877421379089
2024-02-25,3.65,3.07877421379089
2024-02-25,3.84,3.07877421379089
2024-02-25,3.84,3.06092691421509
2024-02-26,3.08,1.98219001293182
2024-02-26,3.05,2.62156295776367
2024-02-26,3.05,2.69778156280518
2024-02-26,3.03,2.79429626464844
2024-02-26,3.03,2.81015729904175
2024-02-26,3.07,2.73333621025085
2024-02-26,3.2,2.86484527587891
2024-02-26,3.2,2.90937423706055
2024-02-26,3.32,3.00003910064697
2024-02-26,3.32,3.07357859611511
2024-02-26,3.07,2.94882154464722
2024-02-26,3.2,2.93377923965454
2024-02-26,3.2,2.93377923965454
2024-02-26,3.32,2.94882154464722
2024-02-26,3.32,3.02861166000366
2024-02-26,3.35,3.04466223716736
2024-02-26,3.49,3.02001786231995
2024-02-26,3.49,3.01034235954285
2024-02-26,3.55,2.9864239692688
2024-02-26,3.55,2.98158526420593
2024-02-26,3.35,3.13232970237732
2024-02-26,3.49,3.05819320678711
2024-02-26,3.49,3.05819320678711
2024-02-26,3.55,2.98510980606079
2024-02-26,3.55,2.95151591300964
2024-02-27,2.98,2.08208751678467
2024-02-27,2.95,2.00941848754883
2024-02-27,2.95,2.44892764091492
2024-02-27,2.96,2.34751963615417
2024-02-27,2.96,2.34225988388062
2024-02-27,3.03,2.80448484420776
2024-02-27,3.1,2.87743377685547
2024-02-27,3.1,2.98242950439453
2024-02-27,3.08,2.97992277145386
2024-02-27,3.08,3.14297866821289
2024-02-27,3.03,3.05755281448364
2024-02-27,3.1,3.05271410942078
2024-02-27,3.1,3.05271410942078
2024-02-27,3.08,3.05271410942078
2024-02-27,3.08,3.06699633598328
2024-02-27,3.21,3.14143466949463
2024-02-27,3.35,3.14873623847961
2024-02-27,3.35,3.05807137489319
2024-02-27,3.44,3.0254921913147
2024-02-27,3.44,3.0254921913147
2024-02-27,3.21,3.10980534553528
2024-02-27,3.35,3.09532999992371
2024-02-27,3.35,3.08538269996643
2024-02-27,3.44,2.99885749816895
2024-02-27,3.44,2.98239898681641
2024-02-28,2.88,2.06646394729614
2024-02-28,2.8,2.36519169807434
2024-02-28,2.8,2.4076566696167
2024-02-28,2.77,2.39745926856995
2024-02-28,2.77,2.33168077468872
2024-02-28,2.86,2.80449771881104
2024-02-28,2.98,2.91545152664185
2024-02-28,2.98,2.91639304161072
2024-02-28,3.11,2.9191780090332
2024-02-28,3.11,2.91782832145691
2024-02-28,2.86,2.95894908905029
2024-02-28,2.98,2.81904220581055
2024-02-28,2.98,2.83215141296387
2024-02-28,3.11,2.9207067489624
2024-02-28,3.11,2.84675002098083
2024-02-28,3.07,2.96031475067139
2024-02-28,3.27,2.77751421928406
2024-02-28,3.27,2.7917013168335
2024-02-28,3.35,2.90426659584045
2024-02-28,3.35,2.90631508827209
2024-02-28,3.07,2.96031475067139
2024-02-28,3.27,2.83364033699036
2024-02-28,3.27,2.83768677711487
2024-02-28,3.35,2.9072413444519
2024-02-28,3.35,2.89853429794312
2024-02-29,2.54,2.68750405311584
2024-02-29,2.55,2.72660660743713
2024-02-29,2.55,2.6859245300293
2024-02-29,2.6,2.65910220146179
2024-02-29,2.6,2.66499900817871
2024-02-29,2.76,2.66295003890991
2024-02-29,2.38,2.67653894424438
2024-02-29,2.38,2.68116521835327
2024-02-29,2.35,2.67981553077698
2024-02-29,2.35,2.67653894424438
2024-02-29,2.76,2.7277455329895
2024-02-29,2.38,2.69175314903259
2024-02-29,2.38,2.6362144947052
2024-02-29,2.35,2.75657343864441
2024-02-29,2.35,2.77361512184143
2024-02-29,2.59,2.713059425354
2024-02-29,2.49,2.6904034614563
2024-02-29,2.49,2.649245262146
2024-02-29,2.15,2.74383401870728
2024-02-29,2.15,2.78096723556519
2024-02-29,2.59,2.75626492500305
2024-02-29,2.49,2.6849799156189
2024-02-29,2.49,2.69201636314392
2024-02-29,2.15,2.7140097618103
2024-02-29,2.15,2.73783564567566
2024-03-01,2.45,1.99146056175232
2024-03-01,2.84,2.13264679908752
2024-03-01,2.84,2.64389443397522
2024-03-01,2.65,2.31233310699463
2024-03-01,2.65,2.23143672943115
2024-03-01,2.83,2.18323254585266
2024-03-01,2.98,2.71718621253967
2024-03-01,2.98,2.82755970954895
2024-03-01,2.97,2.82755970954895
2024-03-01,2.97,2.82711315155029
2024-03-01,2.83,2.24156665802002
2024-03-01,2.98,2.82755970954895
2024-03-01,2.98,2.90435719490051
2024-03-01,2.97,2.87845587730408
2024-03-01,2.97,2.78608393669128
2024-03-01,2.95,2.67017889022827
2024-03-01,3.09,2.84136295318604
2024-03-01,3.09,2.98536062240601
2024-03-01,3.12,2.95031213760376
2024-03-01,3.12,2.76768803596497
2024-03-01,2.95,2.72975826263428
2024-03-01,3.09,2.85847020149231
2024-03-01,3.09,2.83390355110168
2024-03-01,3.12,2.88847899436951
2024-03-01,3.12,2.76768803596497
2024-03-02,2.23,2.12503671646118
2024-03-02,2,2.1682345867157
2024-03-02,2,2.0917911529541
2024-03-02,2.92,2.22991156578064
2024-03-02,3.02,2.07998561859131
2024-03-02,3.02,2.13906264305115
2024-03-02,2.99,2.25802040100098
2024-03-02,2.99,2.2246150970459
2024-03-02,2.92,2.22521734237671
2024-03-02,3.02,2.68583488464355
2024-03-02,3.02,2.68915295600891
2024-03-02,2.99,2.68915295600891
2024-03-02,2.99,2.69546508789062
2024-03-02,2.97,2.67229032516479
2024-03-02,3.16,2.75677227973938
2024-03-02,3.16,2.83815026283264
2024-03-02,2.97,2.69385981559753
2024-03-02,3.16,2.83229780197144
2024-03-02,3.16,2.86800813674927
2024-03-03,1.87,2.06709861755371
2024-03-03,1.66,2.16073083877563
2024-03-03,1.66,2.17565250396729
2024-03-03,1.62,2.05424284934998
2024-03-03,1.62,2.06913089752197
2024-03-03,2.45,2.17963910102844
2024-03-03,2.34,2.16576552391052
2024-03-03,2.34,2.21620154380798
2024-03-03,2.2,1.94386100769043
2024-03-03,2.2,2.17436528205872
2024-03-03,2.45,2.23219347000122
2024-03-03,2.34,2.29947233200073
2024-03-03,2.34,2.35098361968994
2024-03-03,2.2,2.30911469459534
2024-03-03,2.2,2.28888773918152
2024-03-03,2.66,2.30911469459534
2024-03-03,2.65,2.62177872657776
2024-03-03,2.65,2.65174722671509
2024-03-03,2.57,2.65341329574585
2024-03-03,2.57,2.61480951309204
2024-03-03,2.66,2.38745880126953
2024-03-03,2.65,2.64142918586731
2024-03-03,2.65,2.66778922080994
2024-03-03,2.57,2.61736059188843
2024-03-03,2.57,2.62485527992249
2024-03-04,1.51,1.89308059215546
2024-03-04,1.2,2.01639485359192
2024-03-04,1.2,1.89373183250427
2024-03-04,1.16,1.91324234008789
2024-03-04,1.16,1.92974007129669
2024-03-04,1.1,1.92560219764709
2024-03-04,1.01,2.02031016349792
2024-03-04,1.01,1.9473432302475
2024-03-04,1.52,1.9985454082489
2024-03-04,1.52,1.96949505805969
2024-03-04,1.1,1.92765891551971
2024-03-04,1.01,2.04084253311157
2024-03-04,1.01,2.23695302009583
2024-03-04,1.52,2.28202676773071
2024-03-04,1.52,2.27591466903687
2024-03-04,1.34,1.92547452449799
2024-03-04,1.63,1.9967405796051
2024-03-04,1.63,2.20069622993469
2024-03-04,1.88,2.27737021446228
2024-03-04,1.88,2.24923324584961
2024-03-04,1.34,1.91189169883728
2024-03-04,1.63,2.01582002639771
2024-03-04,1.63,2.14167308807373
2024-03-04,1.88,2.27887105941772
2024-03-04,1.88,2.33285021781921
2024-03-05,2.45,2.03307056427002
2024-03-05,2.09,2.1683042049408
2024-03-05,2.09,2.15808939933777
2024-03-05,1.89,2.13904762268066
2024-03-05,1.89,2.02211952209473
2024-03-05,2.43,2.32510185241699
2024-03-05,2.21,2.34908509254456
2024-03-05,2.21,2.38921451568604
2024-03-05,2.05,2.35018396377563
2024-03-05,2.05,2.26804780960083
2024-03-05,2.43,2.33966326713562
2024-03-05,2.21,2.39537239074707
2024-03-05,2.21,2.40353727340698
2024-03-05,2.05,2.3907322883606
2024-03-05,2.05,2.3574903011322
2024-03-05,2.52,2.38358902931213
2024-03-05,2.68,2.41440224647522
2024-03-05,2.68,2.47387981414795
2024-03-05,2.46,2.44666695594788
2024-03-05,2.46,2.44229865074158
2024-03-05,2.52,2.36871886253357
2024-03-05,2.68,2.41515231132507
2024-03-05,2.68,2.4746298789978
2024-03-05,2.46,2.44530630111694
2024-03-05,2.46,2.44229865074158
2024-03-06,2.33,2.3092315196991
2024-03-06,2.43,2.28437924385071
2024-03-06,2.43,2.33523750305176
2024-03-06,2.43,2.30117321014404
2024-03-06,2.43,2.30563163757324
2024-03-06,2.3,2.39951753616333
2024-03-06,2.57,2.41219282150269
2024-03-06,2.57,2.41272044181824
2024-03-06,2.83,2.41272044181824
2024-03-06,2.83,2.41227388381958
2024-03-06,2.3,2.41632676124573
2024-03-06,2.57,2.43560075759888
2024-03-06,2.57,2.43560075759888
2024-03-06,2.83,2.43560075759888
2024-03-06,2.83,2.42293667793274
2024-03-06,2.76,2.45454025268555
2024-03-06,3.08,2.48337197303772
2024-03-06,3.08,2.48409032821655
2024-03-06,3.22,2.4894962310791
2024-03-06,3.22,2.4894962310791
2024-03-06,2.76,2.46647882461548
2024-03-06,3.08,2.50225329399109
2024-03-06,3.08,2.49661684036255
2024-03-06,3.22,2.5072808265686
2024-03-06,3.22,2.5053403377533
2024-03-07,2.42,1.82072913646698
2024-03-07,2.62,2.00664114952087
2024-03-07,2.62,2.16483187675476
2024-03-07,2.66,2.18181967735291
2024-03-07,2.66,2.17146706581116
2024-03-07,2.69,2.13613510131836
2024-03-07,2.83,2.25874304771423
2024-03-07,2.83,2.31299591064453
2024-03-07,2.98,2.3176577091217
2024-03-07,2.98,2.3176577091217
2024-03-07,2.69,2.26027083396912
2024-03-07,2.83,2.33816695213318
2024-03-07,2.83,2.31851625442505
2024-03-07,2.98,2.32276797294617
2024-03-07,2.98,2.31061005592346
2024-03-07,3,2.30138659477234
2024-03-07,3.12,2.33816695213318
2024-03-07,3.12,2.34327721595764
2024-03-07,3.2,2.34932041168213
2024-03-07,3.2,2.29616451263428
2024-03-07,3,2.37541651725769
2024-03-07,3.12,2.34764552116394
2024-03-07,3.12,2.36697053909302
2024-03-07,3.2,2.37526631355286
2024-03-07,3.2,2.38399600982666
2024-03-08,2.58,1.90978288650513
2024-03-08,2.49,1.90733337402344
2024-03-08,2.95,2.00788259506226
2024-03-08,2.95,1.95673477649689
2024-03-08,3.12,1.97619307041168
2024-03-08,3.12,2.01237916946411
2024-03-08,2.49,1.95369243621826
2024-03-08,2.95,1.97619307041168
2024-03-08,2.95,1.94566607475281
2024-03-08,3.12,2.08274555206299
2024-03-08,3.12,2.14370822906494
2024-03-08,2.72,1.96590971946716
2024-03-08,3.23,1.98300039768219
2024-03-08,3.23,2.15034222602844
2024-03-08,3.31,2.21260714530945
2024-03-08,3.31,2.27539014816284
2024-03-08,2.72,1.93600940704346
2024-03-08,3.23,1.94566607475281
2024-03-08,3.23,2.16487717628479
2024-03-08,3.31,2.26427507400513
2024-03-08,3.31,2.28383755683899
2024-03-09,2.82,1.95592248439789
2024-03-09,2.79,1.94217073917389
2024-03-09,2.79,1.9425048828125
2024-03-09,2.78,1.94609689712524
2024-03-09,2.78,1.95445740222931
2024-03-09,2.95,1.98523044586182
2024-03-09,3.05,2.17767262458801
2024-03-09,3.05,2.12667608261108
2024-03-09,2.95,2.20027565956116
2024-03-09,3.05,2.2881817817688
2024-03-09,3.05,2.2877676486969
2024-03-09,3.07,2.27492260932922
2024-03-09,3.07,2.29464888572693
2024-03-10,2.77,1.89298236370087
2024-03-10,2.31,1.97518348693848
2024-03-10,2.31,1.962327003479
2024-03-10,2.16,1.98667168617249
2024-03-10,2.16,1.96707141399384
2024-03-10,2.81,2.07251620292664
2024-03-10,2.9,2.3034679889679
2024-03-10,2.9,2.29875731468201
2024-03-10,2.91,2.24358296394348
2024-03-10,2.91,2.21441626548767
2024-03-10,2.81,2.29552388191223
2024-03-10,2.9,2.37978577613831
2024-03-10,2.9,2.37331867218018
2024-03-10,2.91,2.37331867218018
2024-03-10,2.91,2.37285089492798
2024-03-10,2.88,2.37978577613831
2024-03-10,3.02,2.38023233413696
2024-03-10,3.02,2.36978125572205
2024-03-10,3.09,2.38669228553772
2024-03-10,3.09,2.38669228553772
2024-03-10,2.88,2.37082600593567
2024-03-10,3.02,2.37728595733643
2024-03-10,3.02,2.36934041976929
2024-03-10,3.09,2.36460018157959
2024-03-10,3.09,2.38111972808838
2024-03-11,2.83,1.88148868083954
2024-03-11,2.82,1.82691717147827
2024-03-11,2.82,1.85882198810577
2024-03-11,2.75,1.85297131538391
2024-03-11,2.75,1.76591193675995
2024-03-11,2.9,1.86510074138641
2024-03-11,3,2.12597846984863
2024-03-11,3,2.13916921615601
2024-03-11,3.02,2.06737279891968
2024-03-11,3.02,1.89187848567963
2024-03-11,2.9,2.13244557380676
2024-03-11,3,2.23313355445862
2024-03-11,3,2.23804569244385
2024-03-11,3.02,2.2387957572937
2024-03-11,3.02,2.23044753074646
2024-03-11,2.97,2.23268699645996
2024-03-11,3.09,2.23898482322693
2024-03-11,3.09,2.2271146774292
2024-03-11,2.97,2.22621989250183
2024-03-11,3.09,2.24014544487
2024-03-11,3.09,2.25392389297485
2024-03-12,2.84,1.90334522724152
2024-03-12,2.66,1.89093697071075
2024-03-12,2.66,1.80694937705994
2024-03-12,2.35,1.90955889225006
2024-03-12,2.35,1.9542487859726
2024-03-12,2.86,1.92968487739563
2024-03-12,2.95,1.91637361049652
2024-03-12,2.95,1.92318093776703
2024-03-12,2.96,1.91114366054535
2024-03-12,2.96,1.92743039131165
2024-03-12,2.86,1.90877389907837
2024-03-12,2.95,2.11234736442566
2024-03-12,2.95,2.21281123161316
2024-03-12,2.96,2.2921724319458
2024-03-12,2.96,2.29176616668701
2024-03-12,2.71,1.91899788379669
2024-03-12,2.7,2.20970153808594
2024-03-12,2.7,2.29121422767639
2024-03-12,2.8,2.29728269577026
2024-03-12,2.8,2.28195738792419
2024-03-12,2.71,1.91654706001282
2024-03-12,2.7,2.21281123161316
2024-03-12,2.7,2.28076314926147
2024-03-12,2.8,2.30637359619141
2024-03-12,2.8,2.31434059143066
2024-03-13,2.4,1.92244386672974
2024-03-13,2.2,2.0705406665802
2024-03-13,2.2,2.11824417114258
2024-03-13,2.02,2.00294375419617
2024-03-13,2.02,1.92907774448395
2024-03-13,2.38,2.10951709747314
2024-03-13,2.27,2.2142596244812
2024-03-13,2.27,2.13280558586121
2024-03-13,2.33,2.11824417114258
2024-03-13,2.33,1.99990379810333
2024-03-13,2.38,2.21525835990906
2024-03-13,2.27,2.22738814353943
2024-03-13,2.27,2.21870803833008
2024-03-13,2.33,2.19784879684448
2024-03-13,2.33,2.13135004043579
2024-03-13,2.55,2.21525835990906
2024-03-13,2.62,2.29176616668701
2024-03-13,2.62,2.29235148429871
2024-03-13,2.7,2.21350526809692
2024-03-13,2.7,2.21350526809692
2024-03-13,2.55,2.21525835990906
2024-03-13,2.62,2.29176616668701
2024-03-13,2.62,2.29176616668701
2024-03-13,2.7,2.29176616668701
2024-03-13,2.7,2.28838086128235
2024-03-14,2.42,1.94532918930054
2024-03-14,2.41,1.95585548877716
2024-03-14,2.41,2.00294375419617
2024-03-14,2.36,1.91087746620178
2024-03-14,2.36,1.9361572265625
2024-03-14,2.47,2.1187629699707
2024-03-14,2.54,2.23410749435425
2024-03-14,2.54,2.23143434524536
2024-03-14,2.53,2.2254273891449
2024-03-14,2.53,2.21055555343628
2024-03-14,2.47,2.23959827423096
2024-03-14,2.54,2.24110054969788
2024-03-14,2.54,2.24221587181091
2024-03-14,2.53,2.24515509605408
2024-03-14,2.53,2.24335432052612
2024-03-14,2.52,2.24004483222961
2024-03-14,2.62,2.24650478363037
2024-03-14,2.62,2.23347401618958
2024-03-14,2.65,2.2373673915863
2024-03-14,2.65,2.2373673915863
2024-03-14,2.52,2.22731828689575
2024-03-14,2.62,2.23347401618958
2024-03-14,2.62,2.25661897659302
2024-03-14,2.65,2.23744559288025
2024-03-14,2.65,2.23744559288025
2024-03-15,2.45,1.94082069396973
2024-03-15,2.51,1.92571127414703
2024-03-15,2.51,2.11367797851562
2024-03-15,2.52,2.11696743965149
2024-03-15,2.52,1.99533832073212
2024-03-15,2.62,2.11824417114258
2024-03-15,2.73,2.21072340011597
2024-03-15,2.73,2.22226023674011
2024-03-15,2.73,2.21375632286072
2024-03-15,2.73,2.21375632286072
2024-03-15,2.62,2.19222092628479
2024-03-15,2.73,2.20853590965271
2024-03-15,2.73,2.2326443195343
2024-03-15,2.73,2.23840761184692
2024-03-15,2.73,2.25130295753479
2024-03-15,2.67,2.18964290618896
2024-03-15,2.77,2.22194743156433
2024-03-15,2.77,2.23122406005859
2024-03-15,2.8,2.25322389602661
2024-03-15,2.8,2.25783801078796
2024-03-15,2.67,2.19769239425659
2024-03-15,2.77,2.22596096992493
2024-03-15,2.77,2.23546457290649
2024-03-15,2.8,2.25166535377502
2024-03-15,2.8,2.25006914138794
2024-03-16,2.3,1.91642808914185
2024-03-16,1.88,1.94643223285675
2024-03-16,1.88,1.95103359222412
2024-03-16,1.71,1.95751845836639
2024-03-16,1.71,1.92673337459564
2024-03-16,2.5,1.94628500938416
2024-03-16,2.59,2.09021401405334
2024-03-16,2.59,2.14130282402039
2024-03-16,2.54,2.13791751861572
2024-03-16,2.54,2.13791751861572
2024-03-16,2.5,2.02471566200256
2024-03-16,2.59,2.19161057472229
2024-03-16,2.59,2.18986940383911
2024-03-16,2.54,2.18648409843445
2024-03-16,2.54,2.19435906410217
2024-03-16,2.57,2.14130282402039
2024-03-16,2.7,2.20851755142212
2024-03-16,2.7,2.21045756340027
2024-03-16,2.57,2.1481409072876
2024-03-16,2.7,2.20389175415039
2024-03-16,2.7,2.20199918746948
2024-03-17,2.43,1.7786260843277
2024-03-17,2.39,2.04359078407288
2024-03-17,2.39,2.06651401519775
2024-03-17,2.33,2.03577184677124
2024-03-17,2.33,1.91293323040009
2024-03-17,2.52,2.11448907852173
2024-03-17,2.56,2.18585562705994
2024-03-17,2.56,2.18783211708069
2024-03-17,2.55,2.18400168418884
2024-03-17,2.55,2.14491176605225
2024-03-17,2.52,2.20524787902832
2024-03-17,2.56,2.21251845359802
2024-03-17,2.56,2.20966172218323
2024-03-17,2.55,2.20299386978149
2024-03-17,2.55,2.20817756652832
2024-03-17,2.53,2.20721960067749
2024-03-17,2.67,2.19420671463013
2024-03-17,2.67,2.21251845359802
2024-03-17,2.73,2.20980906486511
2024-03-17,2.73,2.20524787902832
2024-03-17,2.53,2.21045756340027
2024-03-17,2.67,2.21556782722473
2024-03-17,2.67,2.2142071723938
2024-03-17,2.73,2.21762871742249
2024-03-17,2.73,2.21035814285278
2024-03-18,2.3,1.93731355667114
2024-03-18,2.21,1.93127179145813
2024-03-18,2.21,1.91456544399261
2024-03-18,2.16,1.88277018070221
2024-03-18,2.16,2.05994582176208
2024-03-18,2.4,2.1784040927887
2024-03-18,2.29,2.18675804138184
2024-03-18,2.29,2.18675804138184
2024-03-18,2.34,2.17910599708557
2024-03-18,2.34,2.17083215713501
2024-03-18,2.4,2.18486547470093
2024-03-18,2.29,2.19132542610168
2024-03-18,2.29,2.19132542610168
2024-03-18,2.34,2.19462275505066
2024-03-18,2.34,2.19327306747437
2024-03-18,2.31,2.18997573852539
2024-03-18,2.38,2.20002484321594
2024-03-18,2.38,2.21008706092834
2024-03-18,2.57,2.21723484992981
2024-03-18,2.57,2.22253370285034
2024-03-18,2.31,2.18997573852539
2024-03-18,2.38,2.20867228507996
2024-03-18,2.38,2.21553134918213
2024-03-18,2.57,2.23267412185669
2024-03-18,2.57,2.22428250312805
2024-03-19,2.26,1.95972096920013
2024-03-19,2.07,1.85566926002502
2024-03-19,2.07,2.0153694152832
2024-03-19,1.95,1.95193994045258
2024-03-19,1.95,1.93619108200073
2024-03-19,2.44,1.91402280330658
2024-03-19,2.49,1.97653257846832
2024-03-19,2.49,1.9342874288559
2024-03-19,2.54,1.95985579490662
2024-03-19,2.54,1.96516633033752
2024-03-19,2.44,2.18976736068726
2024-03-19,2.49,2.18682813644409
2024-03-19,2.49,2.17721271514893
2024-03-19,2.54,2.11739158630371
2024-03-19,2.54,2.11264657974243
2024-03-19,2.48,2.18027472496033
2024-03-19,2.6,2.19139552116394
2024-03-19,2.6,2.19298505783081
2024-03-19,2.67,2.19298505783081
2024-03-19,2.67,2.19298505783081
2024-03-19,2.48,2.18027472496033
2024-03-19,2.6,2.18825364112854
2024-03-19,2.6,2.2005569934845
2024-03-19,2.67,2.20444893836975
2024-03-19,2.67,2.21792459487915
2024-03-20,2.23,1.84214329719543
2024-03-20,2.21,1.9587117433548
2024-03-20,2.21,1.93408346176147
2024-03-20,2.2,1.93884289264679
2024-03-20,2.2,1.91301834583282
2024-03-20,2.23,1.90157353878021
2024-03-20,2.43,1.85430026054382
2024-03-20,2.43,1.9251354932785
2024-03-20,2.41,1.87225568294525
2024-03-20,2.41,1.95568323135376
2024-03-20,2.23,2.135981798172
2024-03-20,2.43,2.135981798172
2024-03-20,2.43,2.09427642822266
2024-03-20,2.41,2.08953166007996
2024-03-20,2.41,1.94992303848267
2024-03-20,2.34,2.15181851387024
2024-03-20,2.45,2.15181851387024
2024-03-20,2.45,2.15202307701111
2024-03-20,2.46,2.12526750564575
2024-03-20,2.46,2.11461901664734
2024-03-20,2.34,2.14992594718933
2024-03-20,2.45,2.15181851387024
2024-03-20,2.45,2.15955948829651
2024-03-20,2.46,2.12445616722107
2024-03-20,2.46,2.07534289360046
2024-03-21,1.87,1.81202125549316
2024-03-21,2.04,1.92228376865387
2024-03-21,2.04,1.87821304798126
2024-03-21,1.77,1.90463054180145
2024-03-21,1.77,1.97335457801819
2024-03-21,2.23,2.13763737678528
2024-03-21,2.3,2.16107368469238
2024-03-21,2.3,2.13952136039734
2024-03-21,2.32,2.13961362838745
2024-03-21,2.32,2.08479738235474
2024-03-21,2.23,2.15209698677063
2024-03-21,2.3,2.15373516082764
2024-03-21,2.3,2.14992594718933
2024-03-21,2.32,2.15322327613831
2024-03-21,2.32,2.1625120639801
2024-03-21,2.32,2.15503621101379
2024-03-21,2.43,2.15503621101379
2024-03-21,2.43,2.14992594718933
2024-03-21,2.32,2.14992594718933
2024-03-21,2.43,2.14992594718933
2024-03-21,2.43,2.1625120639801
2024-03-22,1.69,1.74719524383545
2024-03-22,1.95,1.86233103275299
2024-03-22,1.95,1.78925240039825
2024-03-22,1.95,1.91312110424042
2024-03-22,2.25,2.05866503715515
2024-03-22,2.25,2.07367420196533
2024-03-22,2.34,2.07297229766846
2024-03-22,2.34,2.07464385032654
2024-03-22,1.95,2.05636072158813
2024-03-22,2.25,2.0685350894928
2024-03-22,2.25,2.06993985176086
2024-03-22,2.34,2.07922863960266
2024-03-22,2.34,2.07922863960266
2024-03-22,2.13,2.07367420196533
2024-03-22,2.38,2.06993985176086
2024-03-22,2.38,2.07847857475281
2024-03-22,2.34,2.07922863960266
2024-03-22,2.34,2.07720756530762
2024-03-22,2.13,2.03958439826965
2024-03-22,2.38,2.06065678596497
2024-03-22,2.38,2.0753288269043
2024-03-22,2.34,2.07749724388123
2024-03-22,2.34,2.0822217464447
2024-03-23,1.34,1.70305442810059
2024-03-23,0.88,1.64414525032043
2024-03-23,0.88,1.51384329795837
2024-03-23,1.12,1.57186102867126
2024-03-23,1.12,1.6119145154953
2024-03-23,1.45,1.69881653785706
2024-03-23,1.41,1.69437515735626
2024-03-23,1.41,1.73411333560944
2024-03-23,1.49,1.55271232128143
2024-03-23,1.49,1.57780528068542
2024-03-23,1.45,1.74829924106598
2024-03-23,1.41,1.69448757171631
2024-03-23,1.41,1.67765843868256
2024-03-23,1.49,1.63935077190399
2024-03-23,1.49,1.53255116939545
2024-03-23,1.66,1.7813708782196
2024-03-23,1.97,1.74829924106598
2024-03-23,1.97,1.67947292327881
2024-03-23,1.53,1.69383883476257
2024-03-23,1.53,1.66548669338226
2024-03-23,1.66,1.73748791217804
2024-03-23,1.97,1.74666130542755
2024-03-23,1.97,1.70865762233734
2024-03-23,1.53,1.70121192932129
2024-03-23,1.53,1.58405745029449
2024-03-24,1.4,1.59465885162354
2024-03-24,0.91,1.7407351732254
2024-03-24,0.91,1.76765465736389
2024-03-24,1.02,1.65389513969421
2024-03-24,1.02,1.56014680862427
2024-03-24,1.66,1.82587194442749
2024-03-24,1.32,1.83643341064453
2024-03-24,1.32,1.77046740055084
2024-03-24,1.5,1.7176833152771
2024-03-24,1.5,1.69299173355103
2024-03-24,1.66,1.89236414432526
2024-03-24,1.32,1.87372541427612
2024-03-24,1.32,1.81831753253937
2024-03-24,1.5,1.72772920131683
2024-03-24,1.5,1.66210162639618
2024-03-24,1.89,1.89613318443298
2024-03-24,1.81,1.89246642589569
2024-03-24,1.81,1.82201766967773
2024-03-24,1.79,1.70881748199463
2024-03-24,1.79,1.48995196819305
2024-03-24,1.89,1.87369167804718
2024-03-24,1.81,1.89246642589569
2024-03-24,1.81,1.80109667778015
2024-03-24,1.79,1.60369396209717
2024-03-24,1.79,1.54721832275391
2024-03-25,1.89,1.60705518722534
2024-03-25,1.88,1.72235465049744
2024-03-25,1.88,1.77759504318237
2024-03-25,1.78,1.77829682826996
2024-03-25,1.78,1.76484060287476
2024-03-25,1.96,1.71964955329895
2024-03-25,1.82,1.84173369407654
2024-03-25,1.82,1.89525651931763
2024-03-25,1.86,1.8866480588913
2024-03-25,1.86,1.89706635475159
2024-03-25,1.96,1.77759504318237
2024-03-25,1.82,1.8866480588913
2024-03-25,1.82,1.88475549221039
2024-03-25,1.86,1.88805270195007
2024-03-25,1.86,1.89250242710114
2024-03-25,1.92,1.84243547916412
2024-03-25,1.86,1.86963927745819
2024-03-25,1.86,1.88345432281494
2024-03-25,1.99,1.88475549221039
2024-03-25,1.99,1.88418471813202
2024-03-25,1.92,1.83761930465698
2024-03-25,1.86,1.87951672077179
2024-03-25,1.86,1.8740531206131
2024-03-25,1.99,1.88475549221039
2024-03-25,1.99,1.8540313243866
2024-03-26,1.72,1.63404107093811
2024-03-26,1.69,1.70371806621552
2024-03-26,1.69,1.71910321712494
2024-03-26,1.96,1.65432512760162
2024-03-26,2.05,1.7443288564682
2024-03-26,2.05,1.7618944644928
2024-03-26,1.98,1.76641416549683
2024-03-26,1.98,1.72955715656281
2024-03-26,1.96,1.7251113653183
2024-03-26,2.05,1.80205237865448
2024-03-26,2.05,1.83176374435425
2024-03-26,1.98,1.76486337184906
2024-03-26,1.98,1.70785999298096
2024-03-26,2.04,1.82900202274323
2024-03-26,2.16,1.89163780212402
2024-03-26,2.16,1.856121301651
2024-03-26,2.09,1.75622951984406
2024-03-26,2.09,1.59817218780518
2024-03-26,2.04,1.86805105209351
2024-03-26,2.16,1.88495171070099
2024-03-26,2.16,1.90231013298035
2024-03-26,2.09,1.75622951984406
2024-03-26,2.09,1.57123982906342
2024-03-27,1.62,1.42265796661377
2024-03-27,1.17,1.46491086483002
2024-03-27,1.17,1.4918749332428
2024-03-27,1.12,1.58301389217377
2024-03-27,1.12,1.54210877418518
2024-03-27,1.98,1.40635108947754
2024-03-27,1.69,1.54382753372192
2024-03-27,1.69,1.49400436878204
2024-03-27,1.24,1.59974730014801
2024-03-27,1.24,1.59334826469421
2024-03-27,1.98,1.60997951030731
2024-03-27,1.69,1.64247488975525
2024-03-27,1.69,1.63142013549805
2024-03-27,1.24,1.66492199897766
2024-03-27,1.24,1.61627697944641
2024-03-27,2.09,1.67490100860596
2024-03-27,2.18,1.73855400085449
2024-03-27,2.18,1.66907513141632
2024-03-27,1.95,1.65370392799377
2024-03-27,1.95,1.63453352451324
2024-03-27,2.09,1.70538532733917
2024-03-27,2.18,1.7824010848999
2024-03-27,2.18,1.75620496273041
2024-03-27,1.95,1.67102766036987
2024-03-27,1.95,1.65370392799377
2024-03-28,1.53,1.37523925304413
2024-03-28,1.01,1.6361597776413
2024-03-28,1.01,1.61540198326111
2024-03-28,1.14,1.55009663105011
2024-03-28,1.14,1.56664633750916
2024-03-28,1.95,1.49796342849731
2024-03-28,1.91,1.65300989151001
2024-03-28,1.91,1.61015832424164
2024-03-28,1.88,1.58928966522217
2024-03-28,1.88,1.58675169944763
2024-03-28,1.95,1.63465249538422
2024-03-28,1.91,1.65119743347168
2024-03-28,1.91,1.63407158851624
2024-03-28,1.88,1.63710427284241
2024-03-28,1.88,1.61015832424164
2024-03-28,2.03,1.67467784881592
2024-03-28,2.1,1.65119743347168
2024-03-28,2.1,1.64092445373535
2024-03-28,2.06,1.65361559391022
2024-03-28,2.06,1.64926660060883
2024-03-28,2.03,1.70716392993927
2024-03-28,2.1,1.67467784881592
2024-03-28,2.1,1.66335248947144
2024-03-28,2.06,1.65442311763763
2024-03-28,2.06,1.65746283531189
2024-03-29,1.8,1.19949853420258
2024-03-29,1.48,1.45484209060669
2024-03-29,1.48,1.39898657798767
2024-03-29,1.91,1.53274512290955
2024-03-29,1.8,1.57118916511536
2024-03-29,1.8,1.55468809604645
2024-03-29,1.66,1.51079368591309
2024-03-29,1.66,1.49164342880249
2024-03-29,1.91,1.66443395614624
2024-03-29,1.8,1.66313099861145
2024-03-29,1.8,1.64710807800293
2024-03-29,1.66,1.61524367332458
2024-03-29,1.66,1.55468809604645
2024-03-29,1.97,1.76989316940308
2024-03-29,2.03,1.76989316940308
2024-03-29,2.03,1.7661919593811
2024-03-29,2.02,1.69077622890472
2024-03-29,2.02,1.65800440311432
2024-03-29,1.97,1.76859200000763
2024-03-29,2.03,1.76989316940308
2024-03-29,2.03,1.77192807197571
2024-03-29,2.02,1.76989316940308
2024-03-29,2.02,1.74025070667267
2024-03-30,1.73,1.49762988090515
2024-03-30,1.71,1.5132851600647
2024-03-30,1.71,1.49544095993042
2024-03-30,1.69,1.39906203746796
2024-03-30,1.69,1.43370962142944
2024-03-30,1.88,1.76799714565277
2024-03-30,1.94,1.76799714565277
2024-03-30,1.94,1.76799714565277
2024-03-30,1.94,1.69258141517639
2024-03-30,1.94,1.63150799274445
2024-03-30,1.88,1.77949154376984
2024-03-30,1.94,1.77619433403015
2024-03-30,1.94,1.77619433403015
2024-03-30,1.94,1.77703046798706
2024-03-30,1.94,1.7749240398407
2024-03-30,2.02,1.8122946023941
2024-03-30,2.09,1.78219819068909
2024-03-30,2.09,1.77949154376984
2024-03-30,2.08,1.80143475532532
2024-03-30,2.08,1.80937957763672
2024-03-30,2.02,1.82305777072906
2024-03-30,2.09,1.82305777072906
2024-03-30,2.09,1.80389583110809
2024-03-30,2.08,1.8183388710022
2024-03-30,2.08,1.80807113647461
2024-03-31,1.46,1.26038634777069
2024-03-31,1.59,1.39233243465424
2024-03-31,1.59,1.43334329128265
2024-03-31,1.57,1.44241583347321
2024-03-31,1.57,1.36353242397308
2024-03-31,1.54,1.51602292060852
2024-03-31,1.8,1.52654898166656
2024-03-31,1.8,1.64846920967102
2024-03-31,1.82,1.69906377792358
2024-03-31,1.82,1.66605150699615
2024-03-31,1.54,1.54674279689789
2024-03-31,1.8,1.65524625778198
2024-03-31,1.8,1.75219547748566
2024-03-31,1.82,1.79804658889771
2024-03-31,1.82,1.73418521881104
2024-03-31,1.59,1.56173658370972
2024-03-31,1.96,1.65254545211792
2024-03-31,1.96,1.78689575195312
2024-03-31,1.98,1.79751813411713
2024-03-31,1.98,1.77089691162109
2024-03-31,1.59,1.50496828556061
2024-03-31,1.96,1.64224064350128
2024-03-31,1.96,1.80101573467255
2024-03-31,1.98,1.78516709804535
2024-03-31,1.98,1.76879048347473
2024-04-01,1.48,1.44248223304749
2024-04-01,1.48,1.44977068901062
2024-04-01,1.48,1.45509028434753
2024-04-01,1.56,1.4504714012146
2024-04-01,1.56,1.43992006778717
2024-04-01,1.66,1.56768882274628
2024-04-01,1.68,1.55824995040894
2024-04-01,1.68,1.60957658290863
2024-04-01,1.72,1.60678601264954
2024-04-01,1.72,1.60678601264954
2024-04-01,1.66,1.59958291053772
2024-04-01,1.68,1.70439052581787
2024-04-01,1.68,1.71393668651581
2024-04-01,1.72,1.70219385623932
2024-04-01,1.72,1.62352979183197
2024-04-01,1.81,1.6011244058609
2024-04-01,1.88,1.71540057659149
2024-04-01,1.88,1.71572709083557
2024-04-01,1.87,1.70761358737946
2024-04-01,1.87,1.61780977249146
2024-04-01,1.81,1.6011244058609
2024-04-01,1.88,1.70516347885132
2024-04-01,1.88,1.71572709083557
2024-04-01,1.87,1.71393668651581
2024-04-01,1.87,1.60678601264954
2024-04-02,1.61,1.53957343101501
2024-04-02,1.55,1.55606472492218
2024-04-02,1.55,1.57501935958862
2024-04-02,1.48,1.54878890514374
2024-04-02,1.48,1.48514306545258
2024-04-02,1.71,1.57780718803406
2024-04-02,1.74,1.59004998207092
2024-04-02,1.74,1.59918439388275
2024-04-02,1.74,1.59936606884003
2024-04-02,1.74,1.59774565696716
2024-04-02,1.71,1.58838987350464
2024-04-02,1.74,1.62005817890167
2024-04-02,1.74,1.70431852340698
2024-04-02,1.74,1.70431852340698
2024-04-02,1.74,1.70476496219635
2024-04-02,1.84,1.59298372268677
2024-04-02,1.9,1.7153285741806
2024-04-02,1.9,1.7153285741806
2024-04-02,1.9,1.73107373714447
2024-04-02,1.9,1.73074722290039
2024-04-02,1.84,1.70297455787659
2024-04-02,1.9,1.73107373714447
2024-04-02,1.9,1.73674058914185
2024-04-02,1.9,1.83663296699524
2024-04-02,1.9,1.83630645275116
2024-04-03,1.66,1.41560029983521
2024-04-03,1.66,1.44081139564514
2024-04-03,1.66,1.47747707366943
2024-04-03,1.62,1.52687394618988
2024-04-03,1.62,1.5523008108139
2024-04-03,1.73,1.49617874622345
2024-04-03,1.77,1.69752156734467
2024-04-03,1.77,1.70154404640198
2024-04-03,1.75,1.61761021614075
2024-04-03,1.75,1.59827792644501
2024-04-03,1.73,1.72383034229279
2024-04-03,1.77,1.83663296699524
2024-04-03,1.77,1.83663296699524
2024-04-03,1.75,1.72862577438354
2024-04-03,1.75,1.71288061141968
2024-04-03,1.82,1.98876309394836
2024-04-03,1.87,1.91851103305817
2024-04-03,1.87,1.98660254478455
2024-04-03,1.88,1.9109400510788
2024-04-03,1.88,1.88361167907715
2024-04-03,1.82,1.99826717376709
2024-04-03,1.87,1.99826717376709
2024-04-03,1.87,1.95580589771271
2024-04-03,1.88,1.916264295578
2024-04-03,1.88,1.86211562156677
2024-04-04,1.46,1.29537951946259
2024-04-04,1.41,1.44152057170868
2024-04-04,1.41,1.48149287700653
2024-04-04,1.48,1.45445120334625
2024-04-04,1.48,1.37888312339783
2024-04-04,1.68,1.4688355922699
2024-04-04,1.74,1.553790807724
2024-04-04,1.74,1.54055392742157
2024-04-04,1.73,1.46850550174713
2024-04-04,1.73,1.41455292701721
2024-04-04,1.68,1.58071625232697
2024-04-04,1.74,1.59452223777771
2024-04-04,1.74,1.52822184562683
2024-04-04,1.73,1.48928236961365
2024-04-04,1.73,1.42953050136566
2024-04-04,1.79,1.55462265014648
2024-04-04,1.87,1.55462265014648
2024-04-04,1.87,1.51979601383209
2024-04-04,1.81,1.41628003120422
2024-04-04,1.81,1.39338302612305
2024-04-04,1.79,1.43338632583618
2024-04-04,1.87,1.42596614360809
2024-04-04,1.87,1.42510771751404
2024-04-04,1.81,1.42818188667297
2024-04-04,1.81,1.38679337501526
2024-04-05,1.59,1.30648195743561
2024-04-05,1.21,1.35097026824951
2024-04-05,1.21,1.38230609893799
2024-04-05,1.1,1.38692498207092
2024-04-05,1.1,1.3447949886322
2024-04-05,1.66,1.39814031124115
2024-04-05,1.59,1.39631426334381
2024-04-05,1.59,1.40508699417114
2024-04-05,1.43,1.3912810087204
2024-04-05,1.43,1.3911337852478
2024-04-05,1.66,1.36892473697662
2024-04-05,1.59,1.3993821144104
2024-04-05,1.59,1.39631426334381
2024-04-05,1.43,1.38707220554352
2024-04-05,1.43,1.3911337852478
2024-04-05,1.74,1.40508699417114
2024-04-05,1.82,1.40093314647675
2024-04-05,1.82,1.38245332241058
2024-04-05,1.81,1.38230609893799
2024-04-05,1.81,1.38163566589355
2024-04-05,1.74,1.39955961704254
2024-04-05,1.82,1.3912810087204
2024-04-05,1.82,1.3911337852478
2024-04-05,1.81,1.3911337852478
2024-04-05,1.81,1.35568845272064
2024-04-06,1.37,1.27538394927979
2024-04-06,1.24,1.28105187416077
2024-04-06,1.24,1.28099763393402
2024-04-06,1.2,1.27751481533051
2024-04-06,1.2,1.27504146099091
2024-04-06,1.38,1.32968199253082
2024-04-06,1.07,1.33054327964783
2024-04-06,1.07,1.33005654811859
2024-04-06,0.91,1.30529749393463
2024-04-06,0.91,1.31039726734161
2024-04-06,1.38,1.3366527557373
2024-04-06,1.07,1.35012066364288
2024-04-06,1.07,1.33544182777405
2024-04-06,0.91,1.344158411026
2024-04-06,0.91,1.31479561328888
2024-04-06,1.49,1.34829461574554
2024-04-06,1.49,1.32090508937836
2024-04-06,1.49,1.35012066364288
2024-04-06,1.46,1.34018981456757
2024-04-06,1.46,1.33422756195068
2024-04-06,1.49,1.42795872688293
2024-04-06,1.49,1.35792577266693
2024-04-06,1.49,1.35706734657288
2024-04-06,1.46,1.32090508937836
2024-04-06,1.46,1.35012066364288
2024-04-07,0.84,1.21370089054108
2024-04-07,0.56,1.23854339122772
2024-04-07,0.56,1.11285424232483
2024-04-07,0.34,1.21781384944916
2024-04-07,0.34,1.23339569568634
2024-04-07,0.56,1.27552974224091
2024-04-07,0.45,1.26614892482758
2024-04-07,0.45,1.26614892482758
2024-04-07,0.41,1.26502931118011
2024-04-07,0.41,1.27922475337982
2024-04-07,0.56,1.27343738079071
2024-04-07,0.45,1.26851236820221
2024-04-07,0.45,1.26851236820221
2024-04-07,0.41,1.26851236820221
2024-04-07,0.41,1.26614892482758
2024-04-07,0.72,1.26117134094238
2024-04-07,0.68,1.26497530937195
2024-04-07,0.68,1.26851236820221
2024-04-07,0.83,1.26851236820221
2024-04-07,0.83,1.26851236820221
2024-04-07,0.72,1.29593300819397
2024-04-07,0.68,1.27181029319763
2024-04-07,0.68,1.28485107421875
2024-04-07,0.83,1.32011806964874
2024-04-07,0.83,1.32011806964874
2024-04-08,0.45,1.22696018218994
2024-04-08,0.33,1.17643117904663
2024-04-08,0.33,1.20070850849152
2024-04-08,0.59,1.19981098175049
2024-04-08,0.59,1.15967214107513
2024-04-08,0.88,1.21785175800323
2024-04-08,0.91,1.34416317939758
2024-04-08,0.91,1.40813148021698
2024-04-08,0.98,1.40625488758087
2024-04-08,0.98,1.37997627258301
2024-04-08,0.88,1.41406059265137
2024-04-08,0.91,1.44432938098907
2024-04-08,0.91,1.44599258899689
2024-04-08,0.98,1.45753443241119
2024-04-08,0.98,1.45771610736847
2024-04-08,1.05,1.44293391704559
2024-04-08,1.22,1.48945593833923
2024-04-08,1.22,1.49099743366241
2024-04-08,1.2,1.47180271148682
2024-04-08,1.2,1.47597908973694
2024-04-08,1.05,1.48160088062286
2024-04-08,1.22,1.49297153949738
2024-04-08,1.22,1.50367033481598
2024-04-08,1.2,1.48588824272156
2024-04-08,1.2,1.51425993442535
2024-04-09,1.28,1.27229499816895
2024-04-09,1.21,1.37065422534943
2024-04-09,1.21,1.39557957649231
2024-04-09,1.23,1.29392075538635
2024-04-09,1.23,1.25254082679749
2024-04-09,1.4,1.42193424701691
2024-04-09,1.44,1.43981456756592
2024-04-09,1.44,1.43796992301941
2024-04-09,1.33,1.41032350063324
2024-04-09,1.33,1.36583375930786
2024-04-09,1.4,1.41032350063324
2024-04-09,1.44,1.44093418121338
2024-04-09,1.44,1.44326829910278
2024-04-09,1.33,1.41187787055969
2024-04-09,1.33,1.33734488487244
2024-04-09,1.44,1.41331970691681
2024-04-09,1.45,1.44822263717651
2024-04-09,1.45,1.44637799263
2024-04-09,1.49,1.43716239929199
2024-04-09,1.49,1.35559868812561
2024-04-09,1.44,1.43597984313965
2024-04-09,1.45,1.45245242118835
2024-04-09,1.45,1.44822263717651
2024-04-09,1.49,1.44763767719269
2024-04-09,1.49,1.36448121070862
2024-04-10,1.3,1.27572011947632
2024-04-10,1.04,1.29926955699921
2024-04-10,1.04,1.27068090438843
2024-04-10,1.41,1.26071429252625
2024-04-10,1.38,1.35626101493835
2024-04-10,1.38,1.38300108909607
2024-04-10,1.23,1.37584388256073
2024-04-10,1.23,1.37584388256073
2024-04-10,1.41,1.27244353294373
2024-04-10,1.38,1.36364269256592
2024-04-10,1.38,1.36364269256592
2024-04-10,1.23,1.36575424671173
2024-04-10,1.23,1.39090132713318
2024-04-10,1.52,1.32152903079987
2024-04-10,1.59,1.33242213726044
2024-04-10,1.59,1.34943318367004
2024-04-10,1.64,1.34433341026306
2024-04-10,1.64,1.38587999343872
2024-04-10,1.52,1.38892722129822
2024-04-10,1.59,1.38892722129822
2024-04-10,1.59,1.39064145088196
2024-04-10,1.64,1.39273369312286
2024-04-10,1.64,1.39470446109772
2024-04-11,1.41,1.19163990020752
2024-04-11,1.4,1.21696615219116
2024-04-11,1.4,1.23941838741302
2024-04-11,1.38,1.22690367698669
2024-04-11,1.38,1.21991682052612
2024-04-11,1.5,1.22747397422791
2024-04-11,1.58,1.28006947040558
2024-04-11,1.58,1.27837860584259
2024-04-11,1.6,1.26154339313507
2024-04-11,1.6,1.27867889404297
2024-04-11,1.5,1.30593299865723
2024-04-11,1.58,1.30900084972382
2024-04-11,1.58,1.31315469741821
2024-04-11,1.6,1.31146383285522
2024-04-11,1.6,1.29258513450623
2024-04-11,1.57,1.31417489051819
2024-04-11,1.66,1.332359790802
2024-04-11,1.66,1.32490587234497
2024-04-11,1.7,1.32751846313477
2024-04-11,1.7,1.31417489051819
2024-04-11,1.57,1.32490587234497
2024-04-11,1.66,1.34666097164154
2024-04-11,1.66,1.34666097164154
2024-04-11,1.7,1.34927356243134
2024-04-11,1.7,1.35548162460327
2024-04-12,1.36,1.17351245880127
2024-04-12,1.35,1.21322774887085
2024-04-12,1.35,1.21797633171082
2024-04-12,1.34,1.23470878601074
2024-04-12,1.34,1.27303278446198
2024-04-12,1.41,1.27310991287231
2024-04-12,1.48,1.33652627468109
2024-04-12,1.48,1.33640313148499
2024-04-12,1.52,1.33786702156067
2024-04-12,1.52,1.31456625461578
2024-04-12,1.41,1.39251101016998
2024-04-12,1.48,1.39492452144623
2024-04-12,1.48,1.39671492576599
2024-04-12,1.52,1.39671492576599
2024-04-12,1.52,1.38838922977448
2024-04-12,1.68,1.40361666679382
2024-04-12,1.68,1.40615332126617
2024-04-12,1.74,1.40468943119049
2024-04-12,1.74,1.40383386611938
2024-04-12,1.68,1.40460240840912
2024-04-12,1.68,1.4097353219986
2024-04-12,1.74,1.40460240840912
2024-04-12,1.74,1.4097353219986
2024-04-13,1.32,1.14645576477051
2024-04-13,1.29,1.16533648967743
2024-04-13,1.29,1.16785442829132
2024-04-13,1.3,1.19886267185211
2024-04-13,1.3,1.18677937984467
2024-04-13,1.35,1.21443891525269
2024-04-13,1.39,1.24314904212952
2024-04-13,1.39,1.28493714332581
2024-04-13,1.4,1.28606355190277
2024-04-13,1.4,1.26417434215546
2024-04-13,1.35,1.29870557785034
2024-04-13,1.39,1.34906494617462
2024-04-13,1.39,1.34906494617462
2024-04-13,1.4,1.34906494617462
2024-04-13,1.4,1.33434772491455
2024-04-13,1.42,1.35624480247498
2024-04-13,1.47,1.38994097709656
2024-04-13,1.47,1.38686001300812
2024-04-13,1.49,1.37326920032501
2024-04-13,1.49,1.38446724414825
2024-04-13,1.42,1.39123141765594
2024-04-13,1.47,1.39123141765594
2024-04-13,1.47,1.35531580448151
2024-04-13,1.49,1.35710036754608
2024-04-13,1.49,1.35624480247498
2024-04-14,1.34,1.11211705207825
2024-04-14,1.32,1.0997142791748
2024-04-14,1.32,1.11682784557343
2024-04-14,1.3,1.11401736736298
2024-04-14,1.3,1.11134445667267
2024-04-14,1.45,1.14096903800964
2024-04-14,1.47,1.14367437362671
2024-04-14,1.47,1.16198515892029
2024-04-14,1.45,1.20242023468018
2024-04-14,1.45,1.19805777072906
2024-04-14,1.45,1.21637368202209
2024-04-14,1.47,1.21931147575378
2024-04-14,1.47,1.18957674503326
2024-04-14,1.45,1.2277535200119
2024-04-14,1.45,1.21652984619141
2024-04-14,1.5,1.29505097866058
2024-04-14,1.55,1.29071772098541
2024-04-14,1.55,1.29124701023102
2024-04-14,1.52,1.22876942157745
2024-04-14,1.52,1.25816178321838
2024-04-14,1.5,1.32448613643646
2024-04-14,1.55,1.34388184547424
2024-04-14,1.55,1.34278345108032
2024-04-14,1.52,1.30537581443787
2024-04-14,1.52,1.29124701023102
2024-04-15,1.22,1.09801995754242
2024-04-15,1.19,1.12120294570923
2024-04-15,1.19,1.16889941692352
2024-04-15,1.18,1.21609139442444
2024-04-15,1.18,1.14698338508606
2024-04-15,1.22,1.17738902568817
2024-04-15,1.19,1.17769253253937
2024-04-15,1.19,1.13134121894836
2024-04-15,1.18,1.17053532600403
2024-04-15,1.18,1.18135857582092
2024-04-15,1.25,1.20307886600494
2024-04-15,1.36,1.20034348964691
2024-04-15,1.36,1.15652370452881
2024-04-15,1.26,1.13223814964294
2024-04-15,1.26,1.14244771003723
2024-04-15,1.25,1.21808731555939
2024-04-15,1.36,1.21528112888336
2024-04-15,1.36,1.24066567420959
2024-04-15,1.26,1.21094310283661
2024-04-15,1.26,1.17106544971466
2024-04-16,1.37,1.18421733379364
2024-04-16,1.34,1.15117263793945
2024-04-16,1.34,1.16521048545837
2024-04-16,1.23,1.14119148254395
2024-04-16,1.23,1.18426775932312
2024-04-16,1.41,1.20710158348083
2024-04-16,1.46,1.2082211971283
2024-04-16,1.46,1.20324087142944
2024-04-16,1.46,1.18529498577118
2024-04-16,1.46,1.18877196311951
2024-04-16,1.41,1.2082211971283
2024-04-16,1.46,1.21646881103516
2024-04-16,1.46,1.20896697044373
2024-04-16,1.46,1.20750021934509
2024-04-16,1.46,1.2003378868103
2024-04-16,1.3,1.21646881103516
2024-04-16,1.48,1.23450922966003
2024-04-16,1.48,1.21837830543518
2024-04-16,1.45,1.21808469295502
2024-04-16,1.45,1.22143459320068
2024-04-16,1.3,1.23354685306549
2024-04-16,1.48,1.2588723897934
2024-04-16,1.48,1.27071964740753
2024-04-16,1.45,1.23957371711731
2024-04-16,1.45,1.15396177768707
2024-04-17,1.27,1.188796043396
2024-04-17,1.27,1.188796043396
2024-04-17,1.35,1.18583178520203
2024-04-17,1.35,1.21403574943542
2024-04-17,1.26,1.1966187953949
2024-04-17,1.48,1.23450922966003
2024-04-17,1.48,1.20688223838806
2024-04-17,1.51,1.19449770450592
2024-04-17,1.51,1.18695139884949
2024-04-17,1.26,1.21202874183655
2024-04-17,1.48,1.24931573867798
2024-04-17,1.48,1.21648573875427
2024-04-17,1.51,1.20443844795227
2024-04-17,1.51,1.19340682029724
2024-04-17,1.2,1.22082209587097
2024-04-17,1.52,1.24579334259033
2024-04-17,1.52,1.24004030227661
2024-04-17,1.53,1.21808469295502
2024-04-17,1.53,1.15568256378174
2024-04-17,1.2,1.22101426124573
2024-04-17,1.52,1.27071964740753
2024-04-17,1.52,1.24676585197449
2024-04-17,1.53,1.23957371711731
2024-04-17,1.53,1.17084145545959
2024-04-18,1.19,1.19381964206696
2024-04-18,1.27,1.21115589141846
2024-04-18,1.27,1.20738697052002
2024-04-18,1.13,1.22939467430115
2024-04-18,1.13,1.2192519903183
2024-04-18,1.27,1.18565440177917
2024-04-18,1.42,1.21626210212708
2024-04-18,1.42,1.21626210212708
2024-04-18,1.46,1.21510517597198
2024-04-18,1.46,1.21510517597198
2024-04-18,1.27,1.22458398342133
2024-04-18,1.42,1.24017643928528
2024-04-18,1.42,1.23901951313019
2024-04-18,1.46,1.23060238361359
2024-04-18,1.46,1.22562205791473
2024-04-18,1.36,1.23712694644928
2024-04-18,1.52,1.28506767749786
2024-04-18,1.52,1.29244041442871
2024-04-18,1.59,1.28336346149445
2024-04-18,1.59,1.27263247966766
2024-04-18,1.36,1.25570118427277
2024-04-18,1.52,1.33338689804077
2024-04-18,1.52,1.34993183612823
2024-04-18,1.59,1.31890106201172
2024-04-18,1.59,1.2701153755188
2024-04-19,1.19,1.10395693778992
2024-04-19,1.28,1.11177968978882
2024-04-19,1.28,1.12685799598694
2024-04-19,1.15,1.123086810112
2024-04-19,1.15,1.13529396057129
2024-04-19,1.41,1.13849413394928
2024-04-19,1.46,1.15045988559723
2024-04-19,1.46,1.12241125106812
2024-04-19,1.48,1.11223375797272
2024-04-19,1.48,1.10507655143738
2024-04-19,1.41,1.14150297641754
2024-04-19,1.46,1.19376611709595
2024-04-19,1.46,1.15524542331696
2024-04-19,1.48,1.15334618091583
2024-04-19,1.48,1.08531105518341
2024-04-19,1.51,1.19376611709595
2024-04-19,1.59,1.1871440410614
2024-04-19,1.59,1.18261551856995
2024-04-19,1.62,1.11225521564484
2024-04-19,1.62,1.09528625011444
2024-04-19,1.51,1.18505930900574
2024-04-19,1.59,1.18654263019562
2024-04-19,1.59,1.18455481529236
2024-04-19,1.62,1.10027229785919
2024-04-19,1.62,1.09528625011444
2024-04-20,1.08,1.12401700019836
2024-04-20,1.02,1.12648677825928
2024-04-20,1.02,1.13697791099548
2024-04-20,0.97,1.09737968444824
2024-04-20,0.97,1.10807085037231
2024-04-20,1.09,1.14090323448181
2024-04-20,1.29,1.16622877120972
2024-04-20,1.29,1.14521622657776
2024-04-20,1.34,1.13198053836823
2024-04-20,1.34,1.12787997722626
2024-04-20,1.09,1.16622877120972
2024-04-20,1.29,1.22442126274109
2024-04-20,1.29,1.223264336586
2024-04-20,1.34,1.1972736120224
2024-04-20,1.34,1.18261551856995
2024-04-20,1.24,1.17081105709076
2024-04-20,1.49,1.25392305850983
2024-04-20,1.49,1.26384198665619
2024-04-20,1.56,1.23325657844543
2024-04-20,1.56,1.17985010147095
2024-04-20,1.24,1.19443833827972
2024-04-20,1.49,1.25276613235474
2024-04-20,1.49,1.24404323101044
2024-04-20,1.56,1.23413169384003
2024-04-20,1.56,1.16293632984161
2024-04-21,1.2,1.08689939975739
2024-04-21,1.16,1.09405660629272
2024-04-21,1.16,1.09260106086731
2024-04-21,1.1,1.08689939975739
2024-04-21,1.1,1.08577978610992
2024-04-21,1.25,1.14640510082245
2024-04-21,1.26,1.15193617343903
2024-04-21,1.26,1.12838160991669
2024-04-21,1.27,1.11416077613831
2024-04-21,1.27,1.10705828666687
2024-04-21,1.25,1.16622877120972
2024-04-21,1.26,1.18505930900574
2024-04-21,1.26,1.15248477458954
2024-04-21,1.27,1.11225521564484
2024-04-21,1.27,1.06875944137573
2024-04-21,1.05,1.19677650928497
2024-04-21,1.31,1.18898642063141
2024-04-21,1.31,1.18316411972046
2024-04-21,1.5,1.14534044265747
2024-04-21,1.5,1.09528625011444
2024-04-21,1.05,1.22077226638794
2024-04-21,1.31,1.21418738365173
2024-04-21,1.31,1.19868361949921
2024-04-21,1.5,1.14534044265747
2024-04-21,1.5,1.09690463542938
2024-04-22,1.03,1.00811123847961
2024-04-22,1.07,1.01745927333832
2024-04-22,1.07,1.02452194690704
2024-04-22,1.08,0.993787348270416
2024-04-22,1.08,1.02412104606628
2024-04-22,1.16,1.02452194690704
2024-04-22,1.26,1.02174770832062
2024-04-22,1.26,1.02174770832062
2024-04-22,1.27,1.01930391788483
2024-04-22,1.27,1.01930391788483
2024-04-22,1.16,1.01930391788483
2024-04-22,1.26,1.02997100353241
2024-04-22,1.26,1.02536368370056
2024-04-22,1.27,1.02291989326477
2024-04-22,1.27,1.02107524871826
2024-04-22,1.19,1.01930391788483
2024-04-22,1.34,1.02291989326477
2024-04-22,1.34,1.01959037780762
2024-04-22,1.37,1.04125225543976
2024-04-22,1.37,1.04266226291656
2024-04-22,1.19,1.02174770832062
2024-04-22,1.34,1.02291989326477
2024-04-22,1.34,1.04125225543976
2024-04-22,1.37,1.04324388504028
2024-04-22,1.37,1.04465389251709
2024-04-23,1.08,1.08236217498779
2024-04-23,1.09,1.08236217498779
2024-04-23,1.09,1.06359171867371
2024-04-23,1,1.07567536830902
2024-04-23,1,1.01245367527008
2024-04-23,1.07,1.08496761322021
2024-04-23,1.3,1.079749584198
2024-04-23,1.3,1.079749584198
2024-04-23,1.32,1.08496761322021
2024-04-23,1.32,1.05874371528625
2024-04-23,1.07,1.04054701328278
2024-04-23,1.3,1.08368158340454
2024-04-23,1.3,1.0800713300705
2024-04-23,1.32,1.0800713300705
2024-04-23,1.32,1.0800713300705
2024-04-23,1.21,1.04054701328278
2024-04-23,1.41,1.07674181461334
2024-04-23,1.41,1.07427704334259
2024-04-23,1.46,1.07473385334015
2024-04-23,1.46,1.07736992835999
2024-04-23,1.21,1.04054701328278
2024-04-23,1.41,1.03869616985321
2024-04-23,1.41,1.07473385334015
2024-04-23,1.46,1.09043896198273
2024-04-23,1.46,1.10824120044708
2024-04-24,0.93,1.07770812511444
2024-04-24,0.93,1.03847873210907
2024-04-24,1.32,1.08692729473114
2024-04-24,1.32,1.08692729473114
2024-04-24,1.41,1.08692729473114
2024-04-24,1.41,1.06945300102234
2024-04-24,1.32,1.05014550685883
2024-04-24,1.32,1.04653525352478
2024-04-24,1.41,1.04444885253906
2024-04-24,1.41,1.03946852684021
2024-04-24,1.13,1.0456383228302
2024-04-24,1.37,1.03584039211273
2024-04-24,1.37,1.05252194404602
2024-04-24,1.46,1.04580676555634
2024-04-24,1.46,1.06699025630951
2024-04-24,1.13,1.04804575443268
2024-04-24,1.37,1.03584039211273
2024-04-24,1.37,1.07427549362183
2024-04-24,1.46,1.0970743894577
2024-04-24,1.46,1.10836493968964
2024-04-25,1.32,1.02783000469208
2024-04-25,1.2,1.00046503543854
2024-04-25,1.2,1.0192631483078
2024-04-25,1.13,1.01689481735229
2024-04-25,1.13,1.04467368125916
2024-04-25,1.4,0.888832271099091
2024-04-25,1.45,1.00152146816254
2024-04-25,1.45,1.00650060176849
2024-04-25,1.39,1.01520347595215
2024-04-25,1.39,1.01170229911804
2024-04-25,1.4,0.931299686431885
2024-04-25,1.45,0.961130917072296
2024-04-25,1.45,0.961130917072296
2024-04-25,1.39,0.982663869857788
2024-04-25,1.39,1.01560986042023
2024-04-25,1.36,0.973412275314331
2024-04-25,1.47,0.978076279163361
2024-04-25,1.47,0.962908029556274
2024-04-25,1.53,0.962908029556274
2024-04-25,1.53,0.982714712619781
2024-04-25,1.36,1.03288066387177
2024-04-25,1.47,1.033931016922
2024-04-25,1.47,1.05196309089661
2024-04-25,1.53,1.05249238014221
2024-04-25,1.53,1.05249238014221
2024-04-26,1.16,0.84490555524826
2024-04-26,1.07,0.862631738185883
2024-04-26,1.07,0.896313548088074
2024-04-26,1.05,0.897518336772919
2024-04-26,1.05,0.91038304567337
2024-04-26,1.27,0.88744592666626
2024-04-26,1.34,0.88744592666626
2024-04-26,1.34,0.900367081165314
2024-04-26,1.31,0.889122307300568
2024-04-26,1.31,0.887431442737579
2024-04-26,1.27,0.878524422645569
2024-04-26,1.34,0.878524422645569
2024-04-26,1.34,0.878524422645569
2024-04-26,1.31,0.867639005184174
2024-04-26,1.31,0.874793469905853
2024-04-26,1.32,0.897064089775085
2024-04-26,1.43,0.883596181869507
2024-04-26,1.43,0.886356830596924
2024-04-26,1.48,0.87471729516983
2024-04-26,1.48,0.87471729516983
2024-04-26,1.32,0.932526290416718
2024-04-26,1.43,0.932526290416718
2024-04-26,1.43,0.919058382511139
2024-04-26,1.48,0.911004364490509
2024-04-26,1.48,0.880206167697906
2024-04-27,0.88,0.818914949893951
2024-04-27,0.9,0.84043687582016
2024-04-27,0.9,0.871447324752808
2024-04-27,1.05,0.874235928058624
2024-04-27,1.05,0.808390438556671
2024-04-27,1.04,0.815411984920502
2024-04-27,1.01,0.827185451984406
2024-04-27,1.01,0.838014900684357
2024-04-27,0.82,0.836324036121368
2024-04-27,0.82,0.836324036121368
2024-04-27,1.04,0.855672061443329
2024-04-27,1.01,0.855672061443329
2024-04-27,1.01,0.853031694889069
2024-04-27,0.82,0.833451867103577
2024-04-27,0.82,0.836519718170166
2024-04-27,1.23,0.927244305610657
2024-04-27,1.23,0.927308440208435
2024-04-27,1.23,0.891135454177856
2024-04-27,0.99,0.867124617099762
2024-04-27,0.99,0.848517596721649
2024-04-27,1.23,0.931908309459686
2024-04-27,1.23,0.931908309459686
2024-04-27,1.23,0.913776397705078
2024-04-27,0.99,0.90373170375824
2024-04-27,0.99,0.845602691173553
2024-04-28,0.91,0.869088470935822
2024-04-28,1.07,0.897435963153839
2024-04-28,1.07,0.952774941921234
2024-04-28,1.05,0.94381445646286
2024-04-28,1.05,0.950839757919312
2024-04-28,0.84,0.885436177253723
2024-04-28,1.18,0.958293378353119
2024-04-28,1.18,0.952878057956696
2024-04-28,1.19,0.959672451019287
2024-04-28,1.19,0.911532640457153
2024-04-28,0.84,0.891087889671326
2024-04-28,1.18,0.968686640262604
2024-04-28,1.18,0.990817666053772
2024-04-28,1.19,0.975338459014893
2024-04-28,1.19,0.977029323577881
2024-04-28,1,0.930139660835266
2024-04-28,1.31,1.02070713043213
2024-04-28,1.31,1.01553273200989
2024-04-28,1.27,1.00005388259888
2024-04-28,1.27,0.957091212272644
2024-04-28,1,0.999344885349274
2024-04-28,1.31,1.04489350318909
2024-04-28,1.31,1.02239763736725
2024-04-28,1.27,1.00691866874695
2024-04-28,1.27,0.983999311923981
2024-04-29,1.11,0.90997725725174
2024-04-29,1.13,0.935063600540161
2024-04-29,1.13,0.943394005298615
2024-04-29,1.11,0.945769846439362
2024-04-29,1.11,0.927130162715912
2024-04-29,1.19,0.943394005298615
2024-04-29,1.23,0.983237504959106
2024-04-29,1.23,1.00686454772949
2024-04-29,1.19,0.983237504959106
2024-04-29,1.23,1.02152252197266
2024-04-29,1.23,1.0384361743927
2024-04-29,1.24,1.02152252197266
2024-04-29,1.29,1.04519164562225
2024-04-29,1.29,1.06413209438324
2024-04-29,1.32,1.05787897109985
2024-04-29,1.32,1.07878851890564
2024-04-29,1.24,1.0384361743927
2024-04-29,1.29,1.05415534973145
2024-04-29,1.29,1.06615889072418
2024-04-29,1.32,1.08383846282959
2024-04-29,1.32,1.07196795940399
2024-04-30,1.09,0.860375046730042
2024-04-30,1.09,0.87310653924942
2024-04-30,1.09,0.892494201660156
2024-04-30,1.09,0.867894947528839
2024-04-30,1.08,0.872374832630157
2024-04-30,1.2,0.924229145050049
2024-04-30,1.2,0.95019543170929
2024-04-30,1.15,0.97424042224884
2024-04-30,1.15,0.97424042224884
2024-04-30,1.08,0.913935422897339
2024-04-30,1.2,0.944982349872589
2024-04-30,1.2,0.965813398361206
2024-04-30,1.15,0.98700076341629
2024-04-30,1.15,0.992369055747986
2024-04-30,1.19,0.918234646320343
2024-04-30,1.29,0.97424042224884
2024-04-30,1.29,0.986974239349365
2024-04-30,1.27,1.00879561901093
2024-04-30,1.27,1.02570950984955
2024-04-30,1.19,0.918234646320343
2024-04-30,1.29,0.97424042224884
2024-04-30,1.29,0.988536417484283
2024-04-30,1.27,1.02570950984955
2024-04-30,1.27,1.06015801429749
2024-05-01,1.03,0.681960105895996
2024-05-01,1.09,0.741681039333344
2024-05-01,1.09,0.75516140460968
2024-05-01,1.07,0.752051770687103
2024-05-01,1.07,0.741681039333344
2024-05-01,1.1,0.771792531013489
2024-05-01,1.19,0.824434161186218
2024-05-01,1.19,0.819157123565674
2024-05-01,1.17,0.820127010345459
2024-05-01,1.17,0.80599045753479
2024-05-01,1.1,0.84097284078598
2024-05-01,1.19,0.88938570022583
2024-05-01,1.19,0.877305567264557
2024-05-01,1.17,0.86539489030838
2024-05-01,1.17,0.841678082942963
2024-05-01,1.2,0.850824296474457
2024-05-01,1.27,0.88938570022583
2024-05-01,1.27,0.882381677627563
2024-05-01,1.27,0.866205215454102
2024-05-01,1.27,0.838354408740997
2024-05-01,1.2,0.850824296474457
2024-05-01,1.27,0.85731029510498
2024-05-01,1.27,0.86539489030838
2024-05-01,1.27,0.85425192117691
2024-05-01,1.27,0.838354408740997
